Start,End,Duration,Exposure Time [%],Equity Final [$],Equity Peak [$],Commissions [$],Return [%],Buy & Hold Return [%],Return (Ann.) [%],Volatility (Ann.) [%],CAGR [%],Sharpe Ratio,Sortino Ratio,Calmar Ratio,Alpha [%],Beta,Max. Drawdown [%],Avg. Drawdown [%],Max. Drawdown Duration,Avg. Drawdown Duration,# Trades,Win Rate [%],Best Trade [%],Worst Trade [%],Avg. Trade [%],Max. Trade Duration,Avg. Trade Duration,Profit Factor,Expectancy [%],SQN,Kelly Criterion,_strategy,tag
2025-03-31 20:00:00,2025-07-31 16:00:00,121 days 20:00:00,1.912568306010929,10045.69870808,10305.842758,80.94725192000001,0.4569870808000087,105.09539461049255,1.3622052919487926,6.11403740789472,1.3753389611476097,0.22279963321615465,0.3301528676753907,0.5396499957334001,-0.5253496100198888,0.009347095507473575,-2.52423849294674,-0.9719038116590828,57 days 16:00:00,11 days 20:00:00,2,50.0,2.8696748533047463,-2.332234087572855,0.23498053603872027,1 days 16:00:00,1 days,1.2304403184035455,0.26872038286594563,0.08724059247593452,0.08024037465089912,TriplePatternStrategy_9p,ETHUSDT_4h
2025-03-31 20:00:00,2025-07-31 16:00:00,121 days 20:00:00,2.0491803278688523,10216.40865398,10455.471253900001,81.28935602,2.164086539799991,105.09539461049255,6.55955213903805,7.947036115211616,6.624402160101739,0.8254086232831194,1.6148405081704187,2.8688389087678567,1.029462294347004,0.010796136687608081,-2.2864832594784223,-0.7923688273050566,31 days 20:00:00,5 days 15:00:00,2,50.0,4.590000000000004,-2.332234087572855,1.0696375613406195,1 days 20:00:00,1 days 02:00:00,1.9680700254136136,1.1288829562135747,0.3115883448873392,0.23756565549086484,TriplePatternStrategy_26p,ETHUSDT_4h
2025-03-31 20:00:00,2025-07-31 16:00:00,121 days 20:00:00,0.6830601092896175,9791.44058256,10277.836240000002,38.86813744,-2.085594174399994,105.09539461049255,-6.062834759004465,3.3903860953479463,-6.119078511684695,-1.7882431641999323,-1.6806582428716896,-1.2811138802347175,-2.6301869193617353,0.00518188972009788,-4.73247136928504,-4.73247136928504,38 days 04:00:00,38 days 04:00:00,1,0.0,-2.1277491403689903,-2.1277491403689903,-2.127749140368995,0 days 16:00:00,0 days 16:00:00,0.0,-2.1277491403689903,,,ButterflyStrategy_9p,ETHUSDT_4h
2025-03-31 20:00:00,2025-07-31 16:00:00,121 days 20:00:00,0.6830601092896175,9791.44058256,10277.836240000002,38.86813744,-2.085594174399994,105.09539461049255,-6.062834759004465,3.3903860953479463,-6.119078511684695,-1.7882431641999323,-1.6806582428716896,-1.2811138802347175,-2.6301869193617353,0.00518188972009788,-4.73247136928504,-4.73247136928504,38 days 04:00:00,38 days 04:00:00,1,0.0,-2.1277491403689903,-2.1277491403689903,-2.127749140368995,0 days 16:00:00,0 days 16:00:00,0.0,-2.1277491403689903,,,ButterflyStrategy_26p,ETHUSDT_4h
2025-04-01,2025-07-31,121 days,0.0,10000.0,10000.0,,0.0,94.14324559837897,0.0,0.0,0.0,,,,0.0,0.0,-0.0,,,,0,,,,,,,,,,,TriplePatternStrategy_9p,ETHUSDT_1d
2025-04-01,2025-07-31,121 days,0.0,10000.0,10000.0,,0.0,94.14324559837897,0.0,0.0,0.0,,,,0.0,0.0,-0.0,,,,0,,,,,,,,,,,TriplePatternStrategy_26p,ETHUSDT_1d
2025-04-01,2025-07-31,121 days,0.0,10000.0,10000.0,,0.0,94.14324559837897,0.0,0.0,0.0,,,,0.0,0.0,-0.0,,,,0,,,,,,,,,,,ButterflyStrategy_9p,ETHUSDT_1d
2025-04-01,2025-07-31,121 days,0.0,10000.0,10000.0,,0.0,94.14324559837897,0.0,0.0,0.0,,,,0.0,0.0,-0.0,,,,0,,,,,,,,,,,ButterflyStrategy_26p,ETHUSDT_1d
2025-03-31 17:00:00,2025-07-31 16:00:00,121 days 23:00:00,14.796944109368718,10896.733580640006,11237.374351560007,1666.4115793600001,8.96733580640006,108.39400264041588,34.78735677194849,30.84233571144165,29.306814436369155,1.1279092834413105,2.6676657838743503,3.325738676852461,10.31596319569158,-0.012441900441350337,-10.460039152827205,-2.8937681154157615,61 days 07:00:00,9 days 06:00:00,40,47.5,4.610000000000005,-2.404000000000002,0.2164306375551428,0 days 10:00:00,0 days 09:00:00,1.3320196355537093,0.23985055916831616,0.629714707211981,0.10899318778706824,TriplePatternStrategy_9p,ETHUSDT_1h
2025-03-31 17:00:00,2025-07-31 16:00:00,121 days 23:00:00,24.165661439485323,9844.27051252,11098.957736799997,1521.6475074799998,-1.557294874800009,108.39400264041588,-5.309876263210434,30.529268509554285,-4.588763762738568,-0.17392739893354084,-0.27262299038825655,-0.3206225113742705,-0.5049113420161766,-0.009708872328250382,-16.561146129293725,-2.763998077334425,97 days 02:00:00,10 days 22:00:00,38,34.21052631578947,4.610000000000015,-2.404000000000002,-0.04161388440245828,1 days 03:00:00,0 days 16:00:00,0.9949931928601502,-0.005804765344898383,-0.09373973938792407,-0.01245194766838248,TriplePatternStrategy_26p,ETHUSDT_1h
2025-03-31 17:00:00,2025-07-31 16:00:00,121 days 23:00:00,0.4422999597909127,10244.813680000003,10265.071600000003,39.94632,2.4481368000000296,108.39400264041588,8.771252290505082,3.6697294418095017,7.507021773211497,2.390163206740407,inf,15.150694708732697,1.9188788163070658,0.004882723866639688,-0.5789339999999754,-0.3978296280201188,38 days 10:00:00,9 days 17:00:00,1,100.0,2.4868824282318633,2.4868824282318633,2.4868824282318736,0 days 10:00:00,0 days 10:00:00,,2.4868824282318633,,,ButterflyStrategy_9p,ETHUSDT_1h
2025-03-31 17:00:00,2025-07-31 16:00:00,121 days 23:00:00,0.6835544833132288,10451.848780000002,10451.848780000002,40.36122,4.51848780000002,108.39400264041588,16.605472383618824,7.150038988464141,14.140993992853224,2.322431025958049,inf,25.40966526650258,3.823846347719499,0.006408486035753393,-0.6535100800997062,-0.5118701322175095,0 days 04:00:00,0 days 03:00:00,1,100.0,4.590000000000004,4.590000000000004,4.590000000000005,0 days 16:00:00,0 days 16:00:00,,4.590000000000004,,,ButterflyStrategy_26p,ETHUSDT_1h
2025-03-31 17:00:00,2025-07-31 16:00:00,121 days 23:00:00,40.24929634097306,5406.941777477011,10230.319380297002,3075.0268494230004,-45.93058222522989,43.36966925873792,-88.20523699915617,2.6908859359634385,-84.12290515802596,-32.77925527065322,-3.9368059129330764,-1.8708212788245888,-44.477694795237,-0.0335000809281055,-47.1478692259553,-10.42907117814802,109 days 03:00:00,22 days 23:00:00,99,20.2020202020202,4.610000000000005,-2.4040117682306636,-0.6248393914380035,0 days 10:00:00,0 days 10:00:00,0.24812238879051748,-0.6185334622970374,-4.958346590006611,-0.5593653722230126,TriplePatternStrategy_9p,BTCUSDT_1h
2025-03-31 17:00:00,2025-07-31 16:00:00,121 days 23:00:00,63.53035786087656,6007.793839169608,10514.807598380003,2716.2089104304,-39.92206160830392,43.36966925873792,-82.98737754826622,5.042035988052608,-78.23630200901628,-16.459100598430783,-3.333907411485882,-1.9360852986768204,-39.47452204911881,-0.010319183125772622,-42.86349243237492,-7.497119310410406,108 days 18:00:00,17 days 07:00:00,80,23.75,4.59001185407238,-2.4040117682306636,-0.6398159657192704,19 days 11:00:00,1 days 01:00:00,0.371139033061157,-0.6274854087962062,-3.275837474960365,-0.36650459085718473,TriplePatternStrategy_26p,BTCUSDT_1h
2025-03-31 17:00:00,2025-07-31 16:00:00,121 days 23:00:00,0.0,10000.0,10000.0,,0.0,43.36966925873792,0.0,0.0,0.0,,,,0.0,0.0,-0.0,,,,0,,,,,,,,,,,ButterflyStrategy_9p,BTCUSDT_1h
2025-03-31 17:00:00,2025-07-31 16:00:00,121 days 23:00:00,0.0,10000.0,10000.0,,0.0,43.36966925873792,0.0,0.0,0.0,,,,0.0,0.0,-0.0,,,,0,,,,,,,,,,,ButterflyStrategy_26p,BTCUSDT_1h
2025-03-31 20:00:00,2025-07-31 16:00:00,121 days 20:00:00,12.021857923497267,9239.978573185996,10470.18033232,426.5442590140001,-7.600214268140043,41.47277510929434,-20.908596227873964,10.181144034188051,-21.08605085713755,-2.0536588184651325,-2.3354393368302198,-1.7239493434880915,-9.954110969816783,0.05675763667787969,-12.128312416401577,-4.456033857581657,100 days,33 days 15:00:00,11,18.181818181818183,4.4256833519572245,-2.890597236680893,-0.722599217658837,1 days 16:00:00,1 days 04:00:00,0.5375384638511614,-0.6916137838270492,-0.9023129260308436,-0.1636096086238697,TriplePatternStrategy_9p,BTCUSDT_4h
2025-03-31 20:00:00,2025-07-31 16:00:00,121 days 20:00:00,13.661202185792352,8756.472276524597,10473.567896925999,419.6581171754,-12.43527723475403,41.47277510929434,-32.56847137242198,9.678760690522493,-32.8224423666086,-3.3649423117066264,-3.065792847722968,-1.986541064838382,-15.821796471557859,0.08165644155423023,-16.394562362128482,-5.87811717282396,77 days 08:00:00,26 days 02:00:00,11,18.181818181818183,4.763577412953944,-2.890597236680893,-1.210646168433882,2 days 12:00:00,1 days 09:00:00,0.4157132441825294,-1.1741405088563328,-1.3843998116096399,-0.261513463909216,TriplePatternStrategy_26p,BTCUSDT_4h
2025-03-31 20:00:00,2025-07-31 16:00:00,121 days 20:00:00,0.0,10000.0,10000.0,,0.0,41.47277510929434,0.0,0.0,0.0,,,,0.0,0.0,-0.0,,,,0,,,,,,,,,,,ButterflyStrategy_9p,BTCUSDT_4h
2025-03-31 20:00:00,2025-07-31 16:00:00,121 days 20:00:00,0.0,10000.0,10000.0,,0.0,41.47277510929434,0.0,0.0,0.0,,,,0.0,0.0,-0.0,,,,0,,,,,,,,,,,ButterflyStrategy_26p,BTCUSDT_4h
2025-04-01,2025-07-31,121 days,0.0,10000.0,10000.0,,0.0,35.939803429705194,0.0,0.0,0.0,,,,0.0,0.0,-0.0,,,,0,,,,,,,,,,,TriplePatternStrategy_9p,BTCUSDT_1d
2025-04-01,2025-07-31,121 days,0.0,10000.0,10000.0,,0.0,35.939803429705194,0.0,0.0,0.0,,,,0.0,0.0,-0.0,,,,0,,,,,,,,,,,TriplePatternStrategy_26p,BTCUSDT_1d
2025-04-01,2025-07-31,121 days,0.0,10000.0,10000.0,,0.0,35.939803429705194,0.0,0.0,0.0,,,,0.0,0.0,-0.0,,,,0,,,,,,,,,,,ButterflyStrategy_9p,BTCUSDT_1d
2025-04-01,2025-07-31,121 days,0.0,10000.0,10000.0,,0.0,35.939803429705194,0.0,0.0,0.0,,,,0.0,0.0,-0.0,,,,0,,,,,,,,,,,ButterflyStrategy_26p,BTCUSDT_1d
2025-03-31 17:00:00,2025-07-31 16:00:00,121 days 23:00:00,20.426216324889428,9712.214960399993,10865.274522399995,2184.0300396000002,-2.877850396000067,49.15432393693263,-9.652540128686105,23.884041953777654,-8.368278835008935,-0.4041418176775308,-0.5818462096134669,-0.9095583766266582,-4.051548240846979,0.023877814825666678,-10.61233712616132,-3.768527405972867,51 days 11:00:00,16 days 02:00:00,54,40.74074074074074,4.610000000000005,-2.4088043999436084,-0.0565195270546659,0 days 10:00:00,0 days 09:00:00,0.9492577707679455,-0.03886934457293562,-0.2045985338771495,-0.029882070752756562,TriplePatternStrategy_9p,XRPUSDT_1h
2025-03-31 17:00:00,2025-07-31 16:00:00,121 days 23:00:00,32.971451548049856,10318.679269399992,11427.139696599997,1988.1126306,3.186792693999924,49.15432393693263,11.521862604868115,34.40552575294127,9.843558468908897,0.33488407320394253,0.6093709661739138,0.9499177768921399,1.3289836336466077,0.037795435102250106,-12.129326227122906,-2.9052685101461844,51 days 10:00:00,7 days 08:00:00,49,42.857142857142854,4.614173535601552,-2.4088043999436084,0.06481403485163462,1 days 04:00:00,0 days 16:00:00,1.0908182547650525,0.09881843346497611,0.17117599168897626,0.023631923064641958,TriplePatternStrategy_26p,XRPUSDT_1h
2025-03-31 17:00:00,2025-07-31 16:00:00,121 days 23:00:00,0.0,10000.0,10000.0,,0.0,49.15432393693263,0.0,0.0,0.0,,,,0.0,0.0,-0.0,,,,0,,,,,,,,,,,ButterflyStrategy_9p,XRPUSDT_1h
2025-03-31 17:00:00,2025-07-31 16:00:00,121 days 23:00:00,0.0,10000.0,10000.0,,0.0,49.15432393693263,0.0,0.0,0.0,,,,0.0,0.0,-0.0,,,,0,,,,,,,,,,,ButterflyStrategy_26p,XRPUSDT_1h
2025-03-31 20:00:00,2025-07-31 16:00:00,121 days 20:00:00,1.5027322404371584,9945.4154802,10282.6981842,119.4104198,-0.5458451980000063,46.31800564620317,-1.6111020905127837,7.191657132853522,-1.6264037391407915,-0.22402376263918564,-0.3210768378213057,-0.4911748021528129,-0.6261213027423402,0.0017331511498037565,-3.280099230358202,-2.8141156191790975,64 days,32 days 22:00:00,3,33.33333333333333,4.371201280623622,-2.404000000000002,-0.19477375355263504,0 days 16:00:00,0 days 11:00:00,0.9097951391572482,-0.14446607676227702,-0.08229956846940972,-0.04291877742359329,TriplePatternStrategy_9p,XRPUSDT_4h
2025-03-31 20:00:00,2025-07-31 16:00:00,121 days 20:00:00,1.5027322404371584,9945.4154802,10282.6981842,119.4104198,-0.5458451980000063,46.31800564620317,-1.6111020905127837,7.191657132853522,-1.6264037391407915,-0.22402376263918564,-0.3210768378213057,-0.4911748021528129,-0.6261213027423402,0.0017331511498037565,-3.280099230358202,-2.8141156191790975,64 days,32 days 22:00:00,3,33.33333333333333,4.371201280623622,-2.404000000000002,-0.19477375355263504,0 days 16:00:00,0 days 11:00:00,0.9097951391572482,-0.14446607676227702,-0.08229956846940972,-0.04291877742359329,TriplePatternStrategy_26p,XRPUSDT_4h
2025-03-31 20:00:00,2025-07-31 16:00:00,121 days 20:00:00,0.0,10000.0,10000.0,,0.0,46.31800564620317,0.0,0.0,0.0,,,,0.0,0.0,-0.0,,,,0,,,,,,,,,,,ButterflyStrategy_9p,XRPUSDT_4h
2025-03-31 20:00:00,2025-07-31 16:00:00,121 days 20:00:00,0.0,10000.0,10000.0,,0.0,46.31800564620317,0.0,0.0,0.0,,,,0.0,0.0,-0.0,,,,0,,,,,,,,,,,ButterflyStrategy_26p,XRPUSDT_4h
2025-04-01,2025-07-31,121 days,0.0,10000.0,10000.0,,0.0,41.31949315004442,0.0,0.0,0.0,,,,0.0,0.0,-0.0,,,,0,,,,,,,,,,,TriplePatternStrategy_9p,XRPUSDT_1d
2025-04-01,2025-07-31,121 days,0.0,10000.0,10000.0,,0.0,41.31949315004442,0.0,0.0,0.0,,,,0.0,0.0,-0.0,,,,0,,,,,,,,,,,TriplePatternStrategy_26p,XRPUSDT_1d
2025-04-01,2025-07-31,121 days,0.0,10000.0,10000.0,,0.0,41.31949315004442,0.0,0.0,0.0,,,,0.0,0.0,-0.0,,,,0,,,,,,,,,,,ButterflyStrategy_9p,XRPUSDT_1d
2025-04-01,2025-07-31,121 days,0.0,10000.0,10000.0,,0.0,41.31949315004442,0.0,0.0,0.0,,,,0.0,0.0,-0.0,,,,0,,,,,,,,,,,ButterflyStrategy_26p,XRPUSDT_1d
2025-03-31 17:00:00,2025-07-31 16:00:00,121 days 23:00:00,36.42943305186972,7539.8916264000045,10135.456320000001,2869.7887736,-24.601083735999953,34.35424719992069,-62.528787936965166,7.500669684658598,-57.04881354610517,-8.336427354594438,-4.079803094822504,-2.2420323989259487,-23.419991426360763,-0.03437980470845299,-27.889332895867046,-13.97086873511688,120 days 11:00:00,60 days 07:00:00,88,32.95454545454545,4.6116143748728,-2.4057992078162127,-0.3350873452707792,0 days 10:00:00,0 days 10:00:00,0.47444330443213084,-0.32803428334145557,-2.5848575713668,-0.38271452077084606,TriplePatternStrategy_9p,BNBUSDT_1h
2025-03-31 17:00:00,2025-07-31 16:00:00,121 days 23:00:00,56.011258544431044,9415.553027399994,10135.456320000001,2304.0224726,-5.844469726000061,34.35424719992069,-18.888368705906455,21.521260861528454,-16.49256464144826,-0.8776608781166454,-1.143107354146553,-0.9249246099092132,-5.257476265521604,-0.01708648881352324,-20.42152247171849,-10.236963523042602,120 days 11:00:00,60 days 07:00:00,67,38.80597014925373,4.608562041149284,-2.4057992078162127,-0.09809278746240047,1 days 04:00:00,0 days 21:00:00,0.8816431756610246,-0.08339175213898203,-0.47714695347795855,-0.0643219249881899,TriplePatternStrategy_26p,BNBUSDT_1h
2025-03-31 17:00:00,2025-07-31 16:00:00,121 days 23:00:00,0.8845999195818254,10061.279100000002,10084.75656,77.85090000000001,0.6127910000000156,34.35424719992069,2.1463885321803877,1.2207612777719965,1.8451973176415004,1.758237725313296,47.13617772071646,2.056128443373075,0.6166727855468824,-0.00011299288627333993,-1.0438980789834518,-1.0438980789834518,106 days 13:00:00,106 days 13:00:00,2,50.0,0.6579085636865301,-0.02477302654375008,0.315987037600185,0 days 10:00:00,0 days 10:00:00,26.557456051025465,0.31656776857138996,0.9265000131538681,0.48092395890363754,ButterflyStrategy_9p,BNBUSDT_1h
2025-03-31 17:00:00,2025-07-31 16:00:00,121 days 23:00:00,2.251708886208283,10004.359540000001,10168.368820000002,78.15046000000001,0.043595400000012885,34.35424719992069,0.15162772913368538,3.724777737528387,0.1305301057907604,0.040707859587428556,0.05473024365968576,0.09400728258610554,-0.14597002470298842,0.005517961828703349,-1.6129359871114524,-0.9743936174882806,100 days 23:00:00,21 days 07:00:00,2,50.0,0.4490158708157317,-0.4099334137435278,0.018619162126376487,1 days 03:00:00,1 days 03:00:00,1.0953385495349144,0.019541228536101938,0.05205245626358891,0.04947705407053132,ButterflyStrategy_26p,BNBUSDT_1h
2025-03-31 20:00:00,2025-07-31 16:00:00,121 days 20:00:00,14.344262295081966,10041.765573600002,10373.077533600004,426.82762640000004,0.4176557360000152,31.641341909029286,1.244483959811049,11.739839693042866,1.2564756003626165,0.10600519192340774,0.18547397425302684,0.21749618676143093,0.8222986637128924,-0.012788424993992015,-5.72186564896473,-2.687495065968062,51 days 12:00:00,20 days 06:00:00,11,54.54545454545454,4.610000000000005,-2.7651448763250857,0.04076650542104154,1 days 16:00:00,1 days 11:00:00,1.081213182268819,0.06210241249326419,0.060210444774476304,0.026203714838308967,TriplePatternStrategy_9p,BNBUSDT_4h
2025-03-31 20:00:00,2025-07-31 16:00:00,121 days 20:00:00,23.497267759562842,10417.119553600003,10698.832513600004,349.2636464,4.171195536000032,31.641341909029286,12.892680771893584,14.789279910776612,13.023853301583665,0.871758520338707,1.729077367813385,2.269327397122831,3.657157520462118,0.016245771655823048,-5.6812784211919265,-2.051233000199058,50 days 20:00:00,14 days 06:00:00,9,55.55555555555556,4.610000000000005,-2.7651448763250857,0.4701723502540833,4 days 12:00:00,3 days 01:00:00,1.6650140826547646,0.4994160703219736,0.5561125332013755,0.21406104460965575,TriplePatternStrategy_26p,BNBUSDT_4h
2025-03-31 20:00:00,2025-07-31 16:00:00,121 days 20:00:00,1.5027322404371584,10222.0291,10239.000099999997,38.5209,2.2202909999999974,31.641341909029286,6.73360761049695,2.885564715044894,6.8002326888243925,2.3335493310508504,inf,9.321178137664536,2.032883177246625,0.005922878469951781,-0.7223987688088629,-0.3092710028218352,54 days 04:00:00,18 days 10:00:00,1,100.0,2.337160721898545,2.337160721898545,2.3371607218985346,1 days 16:00:00,1 days 16:00:00,,2.337160721898545,,,ButterflyStrategy_9p,BNBUSDT_4h
2025-03-31 20:00:00,2025-07-31 16:00:00,121 days 20:00:00,3.278688524590164,10435.89052,10435.89052,38.94948,4.358905200000009,31.641341909029286,13.49741163435516,4.576172045736316,13.63510004826274,2.949498292340405,inf,14.184046152792034,3.937791237250224,0.013308979244954647,-0.9515910685117368,-0.5547115335040198,1 days,0 days 16:00:00,1,100.0,4.588345412344282,4.588345412344282,4.588345412344275,3 days 20:00:00,3 days 20:00:00,,4.588345412344282,,,ButterflyStrategy_26p,BNBUSDT_4h
2025-04-01,2025-07-31,121 days,0.0,10000.0,10000.0,,0.0,28.14622093498928,0.0,0.0,0.0,,,,0.0,0.0,-0.0,,,,0,,,,,,,,,,,TriplePatternStrategy_9p,BNBUSDT_1d
2025-04-01,2025-07-31,121 days,0.0,10000.0,10000.0,,0.0,28.14622093498928,0.0,0.0,0.0,,,,0.0,0.0,-0.0,,,,0,,,,,,,,,,,TriplePatternStrategy_26p,BNBUSDT_1d
2025-04-01,2025-07-31,121 days,0.0,10000.0,10000.0,,0.0,28.14622093498928,0.0,0.0,0.0,,,,0.0,0.0,-0.0,,,,0,,,,,,,,,,,ButterflyStrategy_9p,BNBUSDT_1d
2025-04-01,2025-07-31,121 days,0.0,10000.0,10000.0,,0.0,28.14622093498928,0.0,0.0,0.0,,,,0.0,0.0,-0.0,,,,0,,,,,,,,,,,ButterflyStrategy_26p,BNBUSDT_1d
2025-03-31 17:00:00,2025-07-31 16:00:00,121 days 23:00:00,13.630880579010856,10945.725613199987,11030.310333999989,1411.3137867999997,9.457256131999875,44.46772503827867,36.905708007759145,29.803548568654094,31.054551331308478,1.238299121419882,2.80641444066479,5.114479482872362,9.847613411248163,-0.008778440518651695,-7.215926494837044,-2.419128358844078,70 days 08:00:00,11 days 10:00:00,34,55.88235294117647,4.609999999999993,-2.4103658673310293,0.26857047084998253,0 days 10:00:00,0 days 09:00:00,1.4779161542812593,0.28582030255880697,0.8313351152759137,0.1715155261532158,TriplePatternStrategy_9p,SOLUSDT_1h
2025-03-31 17:00:00,2025-07-31 16:00:00,121 days 23:00:00,25.5729794933655,9981.878981199985,10940.702272799987,1338.3964188,-0.1812101880001501,44.46772503827867,-0.6285091270903043,29.430472989858625,-0.5413518113876692,-0.021355726335315125,-0.031835108353740295,-0.05740198534797143,0.396378582075525,-0.012988943544525285,-10.94925764815059,-4.341215375013084,69 days 13:00:00,12 days 08:00:00,33,42.42424242424242,4.616159570337783,-2.4109859193437986,-0.005993094398870635,1 days 03:00:00,0 days 19:00:00,1.0255838811227398,0.03084950821922338,-0.011295732450499562,-0.0018887436360328635,TriplePatternStrategy_26p,SOLUSDT_1h
2025-03-31 17:00:00,2025-07-31 16:00:00,121 days 23:00:00,0.4020908725371934,10452.036970000001,10452.036970000001,40.37803,4.5203697000000105,44.46772503827867,16.612770917099407,9.888792588146897,14.147144830307123,1.6799594863595522,inf,41.2261866478742,4.426925585450155,0.0021013918402485758,-0.40296647029215427,-0.40296647029215427,0 days 02:00:00,0 days 02:00:00,1,100.0,4.590000000000004,4.590000000000004,4.590000000000005,0 days 09:00:00,0 days 09:00:00,,4.590000000000004,,,ButterflyStrategy_9p,SOLUSDT_1h
2025-03-31 17:00:00,2025-07-31 16:00:00,121 days 23:00:00,0.4020908725371934,10452.036970000001,10452.036970000001,40.37803,4.5203697000000105,44.46772503827867,16.612770917099407,9.888792588146897,14.147144830307123,1.6799594863595522,inf,41.2261866478742,4.426925585450155,0.0021013918402485758,-0.40296647029215427,-0.40296647029215427,0 days 02:00:00,0 days 02:00:00,1,100.0,4.590000000000004,4.590000000000004,4.590000000000005,0 days 09:00:00,0 days 09:00:00,,4.590000000000004,,,ButterflyStrategy_26p,SOLUSDT_1h
2025-03-31 20:00:00,2025-07-31 16:00:00,121 days 20:00:00,0.9562841530054645,9568.017088,10000.0,78.666912,-4.319829119999994,40.77404849847437,-12.281841964841878,4.451046198433893,-12.39184527984165,-2.7593157692147208,-2.4243368883030834,-2.843131434986458,-4.2023908409913515,-0.002880221202783852,-4.319829119999996,-4.319829119999996,64 days 04:00:00,64 days 04:00:00,2,0.0,-2.0311794578356412,-2.3979777267102613,-2.2147505773787435,0 days 12:00:00,0 days 10:00:00,0.0,-2.214578592272951,-10.774893982822153,,TriplePatternStrategy_9p,SOLUSDT_4h
2025-03-31 20:00:00,2025-07-31 16:00:00,121 days 20:00:00,0.9562841530054645,9568.017088,10000.0,78.666912,-4.319829119999994,40.77404849847437,-12.281841964841878,4.451046198433893,-12.39184527984165,-2.7593157692147208,-2.4243368883030834,-2.843131434986458,-4.2023908409913515,-0.002880221202783852,-4.319829119999996,-4.319829119999996,64 days 04:00:00,64 days 04:00:00,2,0.0,-2.0311794578356412,-2.3979777267102613,-2.2147505773787435,0 days 12:00:00,0 days 10:00:00,0.0,-2.214578592272951,-10.774893982822153,,TriplePatternStrategy_26p,SOLUSDT_4h
2025-03-31 20:00:00,2025-07-31 16:00:00,121 days 20:00:00,0.0,10000.0,10000.0,,0.0,40.77404849847437,0.0,0.0,0.0,,,,0.0,0.0,-0.0,,,,0,,,,,,,,,,,ButterflyStrategy_9p,SOLUSDT_4h
2025-03-31 20:00:00,2025-07-31 16:00:00,121 days 20:00:00,0.0,10000.0,10000.0,,0.0,40.77404849847437,0.0,0.0,0.0,,,,0.0,0.0,-0.0,,,,0,,,,,,,,,,,ButterflyStrategy_26p,SOLUSDT_4h
2025-04-01,2025-07-31,121 days,0.0,10000.0,10000.0,,0.0,35.95958001105234,0.0,0.0,0.0,,,,0.0,0.0,-0.0,,,,0,,,,,,,,,,,TriplePatternStrategy_9p,SOLUSDT_1d
2025-04-01,2025-07-31,121 days,0.0,10000.0,10000.0,,0.0,35.95958001105234,0.0,0.0,0.0,,,,0.0,0.0,-0.0,,,,0,,,,,,,,,,,TriplePatternStrategy_26p,SOLUSDT_1d
2025-04-01,2025-07-31,121 days,0.0,10000.0,10000.0,,0.0,35.95958001105234,0.0,0.0,0.0,,,,0.0,0.0,-0.0,,,,0,,,,,,,,,,,ButterflyStrategy_9p,SOLUSDT_1d
2025-04-01,2025-07-31,121 days,0.0,10000.0,10000.0,,0.0,35.95958001105234,0.0,0.0,0.0,,,,0.0,0.0,-0.0,,,,0,,,,,,,,,,,ButterflyStrategy_26p,SOLUSDT_1d
2025-05-13 05:00:00+00:00,2025-08-31 16:00:00+00:00,110 days 11:00:00,0.0,10000.0,10000.0,0.0,82.52842126747626,0.0,0.0,0.0,,,,0.0,0.0,-0.0,,,,0,,,,,,,,,,,TriplePatternStrategy_9p,ETHUSDT_1h
2025-05-13 05:00:00+00:00,2025-08-31 16:00:00+00:00,110 days 11:00:00,0.0,10000.0,10000.0,0.0,82.52842126747626,0.0,0.0,0.0,,,,0.0,0.0,-0.0,,,,0,,,,,,,,,,,TriplePatternStrategy_26p,ETHUSDT_1h
2025-05-13 05:00:00+00:00,2025-08-31 16:00:00+00:00,110 days 11:00:00,0.0,10000.0,10000.0,0.0,82.52842126747626,0.0,0.0,0.0,,,,0.0,0.0,-0.0,,,,0,,,,,,,,,,,ButterflyStrategy_9p,ETHUSDT_1h
2025-05-13 05:00:00+00:00,2025-08-31 16:00:00+00:00,110 days 11:00:00,0.0,10000.0,10000.0,0.0,82.52842126747626,0.0,0.0,0.0,,,,0.0,0.0,-0.0,,,,0,,,,,,,,,,,ButterflyStrategy_26p,ETHUSDT_1h
2025-05-13 05:00:00+00:00,2025-08-31 16:00:00+00:00,110 days 11:00:00,0.0,10000.0,10000.0,0.0,9.026729636301685,0.0,0.0,0.0,,,,0.0,0.0,-0.0,,,,0,,,,,,,,,,,TriplePatternStrategy_9p,HBARUSDT_1h
2025-05-13 05:00:00+00:00,2025-08-31 16:00:00+00:00,110 days 11:00:00,0.0,10000.0,10000.0,0.0,9.026729636301685,0.0,0.0,0.0,,,,0.0,0.0,-0.0,,,,0,,,,,,,,,,,TriplePatternStrategy_26p,HBARUSDT_1h
2025-05-13 05:00:00+00:00,2025-08-31 16:00:00+00:00,110 days 11:00:00,0.0,10000.0,10000.0,0.0,9.026729636301685,0.0,0.0,0.0,,,,0.0,0.0,-0.0,,,,0,,,,,,,,,,,ButterflyStrategy_9p,HBARUSDT_1h
2025-05-13 05:00:00+00:00,2025-08-31 16:00:00+00:00,110 days 11:00:00,0.0,10000.0,10000.0,0.0,9.026729636301685,0.0,0.0,0.0,,,,0.0,0.0,-0.0,,,,0,,,,,,,,,,,ButterflyStrategy_26p,HBARUSDT_1h
2025-05-13 05:00:00+00:00,2025-08-31 16:00:00+00:00,110 days 11:00:00,0.0,10000.0,10000.0,0.0,82.52842126747626,0.0,0.0,0.0,,,,0.0,0.0,-0.0,,,,0,,,,,,,,,,,TriplePatternStrategy_9p,ETHUSDT_1h
2025-05-13 05:00:00+00:00,2025-08-31 16:00:00+00:00,110 days 11:00:00,0.0,10000.0,10000.0,0.0,82.52842126747626,0.0,0.0,0.0,,,,0.0,0.0,-0.0,,,,0,,,,,,,,,,,TriplePatternStrategy_26p,ETHUSDT_1h
2025-05-13 05:00:00+00:00,2025-08-31 16:00:00+00:00,110 days 11:00:00,0.0,10000.0,10000.0,0.0,82.52842126747626,0.0,0.0,0.0,,,,0.0,0.0,-0.0,,,,0,,,,,,,,,,,ButterflyStrategy_9p,ETHUSDT_1h
2025-05-13 05:00:00+00:00,2025-08-31 16:00:00+00:00,110 days 11:00:00,0.0,10000.0,10000.0,0.0,82.52842126747626,0.0,0.0,0.0,,,,0.0,0.0,-0.0,,,,0,,,,,,,,,,,ButterflyStrategy_26p,ETHUSDT_1h
2025-05-13 05:00:00+00:00,2025-08-31 16:00:00+00:00,110 days 11:00:00,0.0,10000.0,10000.0,0.0,9.026729636301685,0.0,0.0,0.0,,,,0.0,0.0,-0.0,,,,0,,,,,,,,,,,TriplePatternStrategy_9p,HBARUSDT_1h
2025-05-13 05:00:00+00:00,2025-08-31 16:00:00+00:00,110 days 11:00:00,0.0,10000.0,10000.0,0.0,9.026729636301685,0.0,0.0,0.0,,,,0.0,0.0,-0.0,,,,0,,,,,,,,,,,TriplePatternStrategy_26p,HBARUSDT_1h
2025-05-13 05:00:00+00:00,2025-08-31 16:00:00+00:00,110 days 11:00:00,0.0,10000.0,10000.0,0.0,9.026729636301685,0.0,0.0,0.0,,,,0.0,0.0,-0.0,,,,0,,,,,,,,,,,ButterflyStrategy_9p,HBARUSDT_1h
2025-05-13 05:00:00+00:00,2025-08-31 16:00:00+00:00,110 days 11:00:00,0.0,10000.0,10000.0,0.0,9.026729636301685,0.0,0.0,0.0,,,,0.0,0.0,-0.0,,,,0,,,,,,,,,,,ButterflyStrategy_26p,HBARUSDT_1h
2025-05-13 05:00:00+00:00,2025-08-31 16:00:00+00:00,110 days 11:00:00,0.0,10000.0,10000.0,0.0,82.52842126747626,0.0,0.0,0.0,,,,0.0,0.0,-0.0,,,,0,,,,,,,,,,,TriplePatternStrategy_9p,ETHUSDT_1h
2025-05-13 05:00:00+00:00,2025-08-31 16:00:00+00:00,110 days 11:00:00,0.0,10000.0,10000.0,0.0,82.52842126747626,0.0,0.0,0.0,,,,0.0,0.0,-0.0,,,,0,,,,,,,,,,,TriplePatternStrategy_26p,ETHUSDT_1h
2025-05-13 05:00:00+00:00,2025-08-31 16:00:00+00:00,110 days 11:00:00,0.0,10000.0,10000.0,0.0,82.52842126747626,0.0,0.0,0.0,,,,0.0,0.0,-0.0,,,,0,,,,,,,,,,,ButterflyStrategy_9p,ETHUSDT_1h
2025-05-13 05:00:00+00:00,2025-08-31 16:00:00+00:00,110 days 11:00:00,0.0,10000.0,10000.0,0.0,82.52842126747626,0.0,0.0,0.0,,,,0.0,0.0,-0.0,,,,0,,,,,,,,,,,ButterflyStrategy_26p,ETHUSDT_1h
2025-05-13 05:00:00+00:00,2025-08-31 16:00:00+00:00,110 days 11:00:00,0.0,10000.0,10000.0,0.0,9.026729636301685,0.0,0.0,0.0,,,,0.0,0.0,-0.0,,,,0,,,,,,,,,,,TriplePatternStrategy_9p,HBARUSDT_1h
2025-05-13 05:00:00+00:00,2025-08-31 16:00:00+00:00,110 days 11:00:00,0.0,10000.0,10000.0,0.0,9.026729636301685,0.0,0.0,0.0,,,,0.0,0.0,-0.0,,,,0,,,,,,,,,,,TriplePatternStrategy_26p,HBARUSDT_1h
2025-05-13 05:00:00+00:00,2025-08-31 16:00:00+00:00,110 days 11:00:00,0.0,10000.0,10000.0,0.0,9.026729636301685,0.0,0.0,0.0,,,,0.0,0.0,-0.0,,,,0,,,,,,,,,,,ButterflyStrategy_9p,HBARUSDT_1h
2025-05-13 05:00:00+00:00,2025-08-31 16:00:00+00:00,110 days 11:00:00,0.0,10000.0,10000.0,0.0,9.026729636301685,0.0,0.0,0.0,,,,0.0,0.0,-0.0,,,,0,,,,,,,,,,,ButterflyStrategy_26p,HBARUSDT_1h
2025-05-13 05:00:00+00:00,2025-08-31 16:00:00+00:00,110 days 11:00:00,17.00603318250377,9877.02203350001,10642.105084880006,1942.8706165000003,-1.2297796649998964,82.52842126747626,-3.987271209071863,22.471433031517797,-4.006427019099679,-0.17743733581562995,-0.2532994659236768,-0.3601869453879403,-1.5652245611989342,0.004064598486766807,-11.07000478536878,-3.6818101763100146,35 days 12:00:00,10 days 13:00:00,49,42.857142857142854,4.610000000000005,-2.404242267075945,-0.02285176845409076,0 days 10:00:00,0 days 09:00:00,0.9984435537573071,-0.001243778958122549,-0.08519792228478675,-0.013935142712952375,TriplePatternStrategy_9p,ETHUSDT_1h
2025-05-13 05:00:00+00:00,2025-08-31 16:00:00+00:00,110 days 11:00:00,26.168929110105584,8641.613678079999,10239.32272,1608.27344192,-13.583863219200012,82.52842126747626,-38.12637239796769,19.46930078721118,-38.27186409927607,-1.9582815435781755,-1.8120730348035352,-1.9673989294357443,-15.063284616154636,0.017926204987731318,-19.37907550295478,-10.086269151477378,105 days 01:00:00,52 days 17:00:00,46,30.434782608695656,4.610000000000005,-2.404000000000002,-0.3219950728521659,1 days 03:00:00,0 days 15:00:00,0.7824366094213708,-0.28732959515125583,-0.8636197208846763,-0.10240008419554475,TriplePatternStrategy_26p,ETHUSDT_1h
2025-05-13 05:00:00+00:00,2025-08-31 16:00:00+00:00,110 days 11:00:00,1.546003016591252,11153.006779999998,11175.065403999999,163.40722000000002,11.53006779999998,82.52842126747626,43.165524093993255,15.25866342915525,43.417665709266885,2.828919078948646,inf,44.163134230896055,12.34560512325973,-0.00988189657253442,-0.9774107939964805,-0.4840618034529682,69 days 10:00:00,10 days 16:00:00,4,100.0,4.610000000000005,0.8554910447761204,2.8067979620557626,0 days 10:00:00,0 days 10:00:00,,2.815827485899056,3.7429463914171133,,ButterflyStrategy_9p,ETHUSDT_1h
2025-05-13 05:00:00+00:00,2025-08-31 16:00:00+00:00,110 days 11:00:00,2.413273001508296,11489.921844999999,11489.921844999999,163.450655,14.89921844999999,82.52842126747626,57.88465774733626,20.4815949799399,58.23864351433991,2.8261792015724216,inf,40.284305946506564,15.834516917630081,-0.011333046885736121,-1.4369034388776902,-0.6705878316345423,0 days 16:00:00,0 days 05:00:00,4,100.0,4.610000000000005,0.6375186567164073,3.5974634158075336,1 days 03:00:00,0 days 15:00:00,,3.611879664179105,3.614898254483484,,ButterflyStrategy_26p,ETHUSDT_1h
2025-05-13 05:00:00+00:00,2025-08-31 16:00:00+00:00,110 days 11:00:00,12.481146304675717,9209.086114719994,10405.755781919994,1514.79112528,-7.90913885280006,9.026729636301685,-23.73352952963893,19.794601573779282,-23.83479159364793,-1.198990009532564,-1.349577968827637,-1.5423966757864251,-7.6993128967024775,-0.023244958534456562,-15.387435607340027,-4.154107860897438,77 days 21:00:00,15 days 01:00:00,39,43.58974358974359,4.615710257948403,-2.4079822326125075,-0.21167754003429406,0 days 10:00:00,0 days 08:00:00,0.8088780212242308,-0.1883522426356964,-0.6014993600828399,-0.11658376095133416,TriplePatternStrategy_9p,HBARUSDT_1h
2025-05-13 05:00:00+00:00,2025-08-31 16:00:00+00:00,110 days 11:00:00,19.90950226244344,9408.763318659998,10792.169580679996,1325.5017113400002,-5.912366813400022,9.026729636301685,-18.159669640256393,23.314103503564088,-18.240056561776985,-0.7789134863144224,-0.9271340132118795,-1.0263301107528113,-5.771855824564476,-0.015566101400718815,-17.6937901850471,-4.238676063622774,62 days 18:00:00,11 days 21:00:00,34,41.17647058823529,4.614039122501793,-2.407982232612507,-0.17944552896065336,1 days 03:00:00,0 days 15:00:00,0.8747011081324757,-0.14789499873116643,-0.4105447702881051,-0.07239718862398425,TriplePatternStrategy_26p,HBARUSDT_1h
2025-05-13 05:00:00+00:00,2025-08-31 16:00:00+00:00,110 days 11:00:00,0.8295625942684767,10260.203008000002,10300.311258000002,81.09899200000001,2.6020300800000222,9.026729636301685,8.813803807325527,4.38446625103967,8.858885461875499,2.010234154553145,15.334787090646671,10.844864254720736,2.584808187180522,0.0019078773280459128,-0.812716839999994,-0.481759890805733,59 days 09:00:00,15 days 05:00:00,2,100.0,1.5852465810194907,1.0077175329050718,1.2960704675464063,0 days 10:00:00,0 days 10:00:00,,1.2964820569622812,4.641134372878251,,ButterflyStrategy_9p,HBARUSDT_1h
2025-05-13 05:00:00+00:00,2025-08-31 16:00:00+00:00,110 days 11:00:00,0.7541478129713424,10498.8079018,10704.259901800002,40.8989022,4.988079018000008,9.026729636301685,17.35845398165918,10.826436432283678,17.450606837483452,1.6033395744048782,11.373645135294597,8.15253878240738,4.931397969391511,0.006279245185382485,-2.1292083907797577,-0.7609934548373314,0 days 15:00:00,0 days 07:00:00,1,100.0,4.590000000000004,4.590000000000004,4.590000000000005,0 days 19:00:00,0 days 19:00:00,,4.590000000000004,,,ButterflyStrategy_26p,HBARUSDT_1h
2025-05-13 05:00:00+00:00,2025-08-31 16:00:00+00:00,110 days 11:00:00,9.57767722473605,10936.174785980005,11644.780100540007,1082.5812240200003,9.361747859800053,82.52842126747626,34.21491477499919,21.726498185755027,34.40873406152891,1.5748011705555103,4.302342455467081,5.330966390566712,2.8448821486041895,0.07896510815437231,-6.418144904372946,-2.0796749138366404,18 days 08:00:00,6 days 11:00:00,26,53.84615384615385,4.5903939473684225,-2.3963655363409933,0.3497123321918316,0 days 10:00:00,0 days 09:00:00,1.5848383715060206,0.3720120139537733,0.8227439821860213,0.1884926718133771,TriplePatternStrategy_9p,ETHUSDT_1h
2025-05-13 05:00:00+00:00,2025-08-31 16:00:00+00:00,110 days 11:00:00,14.856711915535445,9588.203261819997,10269.593739420001,977.6808281799999,-4.117967381800026,82.52842126747626,-12.914318599284968,20.102056685351595,-12.973350302733945,-0.6424376769714143,-0.9104096146661014,-1.0113777361180856,-15.04796335540364,0.13243917435642297,-12.769035878576162,-6.956857141540078,84 days 11:00:00,35 days 03:00:00,26,30.76923076923077,4.5903939473684225,-2.396365536340993,-0.162540970503533,1 days 03:00:00,0 days 15:00:00,0.8990384581244641,-0.12669738272183134,-0.31542236997229545,-0.04701453106192677,TriplePatternStrategy_26p,ETHUSDT_1h
2025-05-13 05:00:00+00:00,2025-08-31 16:00:00+00:00,110 days 11:00:00,0.41478129713423834,10244.813680000003,10265.071600000003,39.94632,2.4481368000000296,82.52842126747626,8.278041538828873,3.552830893091944,8.320279374773643,2.329984676423676,inf,14.298765556746062,2.0157303787568623,0.005239484950787191,-0.5789339999999754,-0.3978296280201188,69 days 10:00:00,17 days 11:00:00,1,100.0,2.4868824282318633,2.4868824282318633,2.4868824282318736,0 days 10:00:00,0 days 10:00:00,,2.4868824282318633,,,ButterflyStrategy_9p,ETHUSDT_1h
2025-05-13 05:00:00+00:00,2025-08-31 16:00:00+00:00,110 days 11:00:00,0.641025641025641,10451.848780000002,10451.848780000002,40.36122,4.51848780000002,82.52842126747626,15.641177157959362,6.896203403884021,15.723616018920094,2.2680852408080177,inf,23.934102371570127,3.9504459894199764,0.006882984090280962,-0.6535100800997062,-0.5118701322175095,0 days 04:00:00,0 days 03:00:00,1,100.0,4.590000000000004,4.590000000000004,4.590000000000005,0 days 16:00:00,0 days 16:00:00,,4.590000000000004,,,ButterflyStrategy_26p,ETHUSDT_1h
2025-05-13 05:00:00+00:00,2025-08-31 16:00:00+00:00,110 days 11:00:00,6.070889894419306,10166.538150360002,10341.463298360002,641.7106696400001,1.6653815036000195,9.026729636301685,5.581348187891777,14.388121807303122,5.609471780713959,0.38791360419667814,0.6738949919968408,0.7829516181686417,1.3909426944459062,0.03040290561605351,-7.128599083742615,-2.765306804562724,53 days 23:00:00,20 days 07:00:00,16,50.0,3.6157855014895905,-2.396000000000013,0.10320841953299631,0 days 10:00:00,0 days 10:00:00,1.2321916338191317,0.11469930630799542,0.27009690592097946,0.08705669594588711,TriplePatternStrategy_9p,HBARUSDT_1h
2025-05-13 05:00:00+00:00,2025-08-31 16:00:00+00:00,110 days 11:00:00,9.879336349924586,10049.642937820003,10479.67906776,522.7951521800001,0.4964293782000277,9.026729636301685,1.641694515687453,17.010895224504704,1.6498111216307176,0.09650841381484396,0.14303270624776268,0.18987378995665322,0.05699731428627525,0.048681203671653434,-8.64624083219827,-2.8505636385835933,39 days 17:00:00,12 days 16:00:00,13,46.15384615384615,4.581675074478689,-2.396000000000013,0.0374478989824345,1 days 03:00:00,0 days 20:00:00,1.071167032064216,0.05934866807723032,0.06367548931983208,0.02002887990456903,TriplePatternStrategy_26p,HBARUSDT_1h
2025-05-13 05:00:00+00:00,2025-08-31 16:00:00+00:00,110 days 11:00:00,0.8295625942684767,10260.203008000002,10300.311258000002,81.09899200000001,2.6020300800000222,9.026729636301685,8.813803807325527,4.38446625103967,8.858885461875499,2.010234154553145,15.334787090646671,10.844864254720736,2.584808187180522,0.0019078773280459128,-0.812716839999994,-0.481759890805733,59 days 09:00:00,15 days 05:00:00,2,100.0,1.5852465810194907,1.0077175329050718,1.2960704675464063,0 days 10:00:00,0 days 10:00:00,,1.2964820569622812,4.641134372878251,,ButterflyStrategy_9p,HBARUSDT_1h
2025-05-13 05:00:00+00:00,2025-08-31 16:00:00+00:00,110 days 11:00:00,0.7541478129713424,10498.8079018,10704.259901800002,40.8989022,4.988079018000008,9.026729636301685,17.35845398165918,10.826436432283678,17.450606837483452,1.6033395744048782,11.373645135294597,8.15253878240738,4.931397969391511,0.006279245185382485,-2.1292083907797577,-0.7609934548373314,0 days 15:00:00,0 days 07:00:00,1,100.0,4.590000000000004,4.590000000000004,4.590000000000005,0 days 19:00:00,0 days 19:00:00,,4.590000000000004,,,ButterflyStrategy_26p,HBARUSDT_1h
2025-05-13 05:00:00+00:00,2025-08-31 16:00:00+00:00,110 days 11:00:00,0.0,10000.0,10000.0,0.0,82.52842126747626,0.0,0.0,0.0,,,,0.0,0.0,-0.0,,,,0,,,,,,,,,,,ADXLongStrategy_9p,ETHUSDT_f1h
2025-05-13 05:00:00+00:00,2025-08-31 16:00:00+00:00,110 days 11:00:00,0.0,10000.0,10000.0,0.0,82.52842126747626,0.0,0.0,0.0,,,,0.0,0.0,-0.0,,,,0,,,,,,,,,,,ADXLongStrategy_26p,ETHUSDT_f1h
2025-05-13 05:00:00+00:00,2025-08-31 16:00:00+00:00,110 days 11:00:00,4.260935143288084,9144.241610319996,10107.037320000003,490.69722968,-8.557583896800043,82.52842126747626,-25.485221924020664,8.411699992927273,-25.592636994210395,-3.0297350054625287,-2.4226959576888234,-2.407992750697361,-11.607048240141296,0.03695047471534536,-10.58359578393252,-6.068551866217104,74 days 21:00:00,53 days 06:00:00,13,23.076923076923077,2.066075395216873,-2.3962703022397323,-0.7017643386027062,0 days 10:00:00,0 days 08:00:00,0.315448919157474,-0.6914799130655207,-1.688981513615153,-0.5103373589980982,RSI7LongStrategy_9p,ETHUSDT_f1h
2025-05-13 05:00:00+00:00,2025-08-31 16:00:00+00:00,110 days 11:00:00,8.597285067873303,8883.395226159992,10308.357839999999,489.52369384,-11.166047738400083,82.52842126747626,-32.249441925246416,9.07408943293788,-32.37867039613621,-3.5540141149793745,-2.541033167818068,-2.0610335024270636,-16.40794223089059,0.06351623370452493,-15.647218682893616,-4.7547788260160235,74 days 11:00:00,26 days 15:00:00,13,30.76923076923077,2.098034049452762,-2.3962703022397323,-0.9277610284963989,1 days 03:00:00,0 days 17:00:00,0.2085856637375548,-0.916688418693483,-2.097487344367522,-1.1287687875721946,RSI7LongStrategy_26p,ETHUSDT_f1h
2025-05-13 05:00:00+00:00,2025-08-31 16:00:00+00:00,110 days 11:00:00,75.22624434389141,2599.3746781599675,10042.182146,8755.10143183999,-74.00625321840032,82.52842126747626,-98.80897684736625,0.7579658767717034,-98.83457351780525,-130.36071922948474,-1.889225978680743,-1.3331766909847402,-129.6873153929895,0.6746895350648443,-74.11543984794828,-74.11543984794828,109 days 16:00:00,109 days 16:00:00,409,37.89731051344744,4.591511432016562,-2.3965339666421137,-0.33949856991621896,0 days 10:00:00,0 days 05:00:00,0.5734098036906699,-0.3276876720988616,-4.0351632894607645,-0.2889140403237015,ADXLongStrategy_9p,ETHUSDT_f1h
2025-05-13 05:00:00+00:00,2025-08-31 16:00:00+00:00,110 days 11:00:00,80.65610859728507,2639.4183983599864,10042.182146,8503.63361164,-73.60581601640013,82.52842126747626,-98.7475732941366,0.849927908555319,-98.77418746336336,-116.18346956271228,-1.8037205216047139,-1.3395552678705143,-132.50571324904143,0.7136922811324062,-73.71668468081592,-73.71668468081592,109 days 16:00:00,109 days 16:00:00,409,37.89731051344744,4.591511432016562,-2.3965339666421137,-0.3358045712516522,0 days 23:00:00,0 days 05:00:00,0.5935021111623594,-0.32275744018781943,-3.9806758448876916,-0.28203844756943186,ADXLongStrategy_26p,ETHUSDT_f1h
2025-05-13 05:00:00+00:00,2025-08-31 16:00:00+00:00,110 days 11:00:00,4.260935143288084,9144.241610319996,10107.037320000003,490.69722968,-8.557583896800043,82.52842126747626,-25.485221924020664,8.411699992927273,-25.592636994210395,-3.0297350054625287,-2.4226959576888234,-2.407992750697361,-11.607048240141296,0.03695047471534536,-10.58359578393252,-6.068551866217104,74 days 21:00:00,53 days 06:00:00,13,23.076923076923077,2.066075395216873,-2.3962703022397323,-0.7017643386027062,0 days 10:00:00,0 days 08:00:00,0.315448919157474,-0.6914799130655207,-1.688981513615153,-0.5103373589980982,RSI7LongStrategy_9p,ETHUSDT_f1h
2025-05-13 05:00:00+00:00,2025-08-31 16:00:00+00:00,110 days 11:00:00,8.597285067873303,8883.395226159992,10308.357839999999,489.52369384,-11.166047738400083,82.52842126747626,-32.249441925246416,9.07408943293788,-32.37867039613621,-3.5540141149793745,-2.541033167818068,-2.0610335024270636,-16.40794223089059,0.06351623370452493,-15.647218682893616,-4.7547788260160235,74 days 11:00:00,26 days 15:00:00,13,30.76923076923077,2.098034049452762,-2.3962703022397323,-0.9277610284963989,1 days 03:00:00,0 days 17:00:00,0.2085856637375548,-0.916688418693483,-2.097487344367522,-1.1287687875721946,RSI7LongStrategy_26p,ETHUSDT_f1h
2025-05-13 05:00:00+00:00,2025-08-31 16:00:00+00:00,110 days 11:00:00,70.43740573152338,1911.1436087599864,10087.935166000001,6420.463171240002,-80.88856391240013,9.026729636301685,-99.56680319053966,0.3292186555287886,-99.5782102680079,-302.43366078576616,-1.6277677845089962,-1.228383343565478,-85.79903262899064,0.5439920009172197,-81.0551557151038,-40.88647202755189,109 days 10:00:00,54 days 19:00:00,371,36.118598382749326,4.6027095209217705,-2.4353197716491035,-0.4467213658126856,0 days 10:00:00,0 days 05:00:00,0.5779356929795545,-0.4290379160561933,-4.958196344094192,-0.3352079837180672,ADXLongStrategy_9p,HBARUSDT_f1h
2025-05-13 05:00:00+00:00,2025-08-31 16:00:00+00:00,110 days 11:00:00,74.92458521870287,1861.2787306199912,10087.935166000001,6430.145527380002,-81.38721269380008,9.026729636301685,-99.60287298971821,0.3148017318911894,-99.61349507463153,-316.39874530342723,-1.5709620036887826,-1.2213799530345846,-86.53659621355119,0.5704594828056524,-81.5494578425407,-41.13362309127035,109 days 10:00:00,54 days 19:00:00,371,36.118598382749326,4.603176712213935,-2.4353197716491035,-0.4543914232900792,1 days 03:00:00,0 days 05:00:00,0.5760120017760005,-0.43617619347524433,-4.918410601287838,-0.3332589048281404,ADXLongStrategy_26p,HBARUSDT_f1h
2025-05-13 05:00:00+00:00,2025-08-31 16:00:00+00:00,110 days 11:00:00,5.279034690799397,8944.516347439989,10149.846184000002,749.68993256,-10.554836525600113,9.026729636301685,-30.70450568477542,11.485695224052149,-30.829033378458547,-2.6732822946996917,-2.3089666118421825,-2.4287570505479015,-11.01007650763266,0.05043243792322801,-12.642065486891251,-12.642065486891251,99 days 12:00:00,99 days 12:00:00,20,40.0,4.581373888705972,-2.4076023567559126,-0.5575680887141776,0 days 10:00:00,0 days 07:00:00,0.5561146560735958,-0.5354862975589115,-1.1879127954012725,-0.34788252762589145,RSI7LongStrategy_9p,HBARUSDT_f1h
2025-05-13 05:00:00+00:00,2025-08-31 16:00:00+00:00,110 days 11:00:00,9.125188536953242,8805.692571539996,10149.846184000002,729.31065846,-11.943074284600042,9.026729636301685,-34.17868920830679,14.003398313274321,-34.313544022770714,-2.440742485765587,-2.1766554651413625,-2.177980962067099,-12.56254084678458,0.06862580216131714,-15.692831940949636,-15.692831940949636,99 days 12:00:00,99 days 12:00:00,20,25.0,4.590000000000004,-2.4076023567559126,-0.635647280498941,1 days 03:00:00,0 days 12:00:00,0.6246157911269191,-0.5989131220479992,-1.0626599542926984,-0.16986801172197324,RSI7LongStrategy_26p,HBARUSDT_f1h
2025-05-13 05:00:00+00:00,2025-08-31 16:00:00+00:00,110 days 11:00:00,85.4449472096531,2470.6057325316146,10133.84288512,8721.40135930841,-75.29394267468386,6.289831440472337,-99.00134541477736,0.3145373130295385,-99.01469304369066,-314.75230859328934,-2.6984162125573032,-1.3085211060563304,-80.57117359383193,0.8390099113294801,-75.65895953573978,-75.65895953573978,109 days 21:00:00,109 days 21:00:00,393,26.717557251908396,3.684119025136359,-2.3960093467831154,-0.35998609895928624,0 days 10:00:00,0 days 06:00:00,0.2937268412507452,-0.3565354522834166,-7.298851728931911,-0.5732196919791008,ADXLongStrategy_9p,BTCUSDT_f1h
2025-05-13 05:00:00+00:00,2025-08-31 16:00:00+00:00,110 days 11:00:00,96.15384615384616,2249.3714666887963,10133.84288512,8464.577841311204,-77.50628533311203,6.289831440472337,-99.2664275811153,0.25021150923472774,-99.2773262697496,-396.73006203720126,-2.531784562506945,-1.275285966130109,-83.40174874020035,0.9373006992132672,-77.83856344184674,-77.83856344184674,109 days 21:00:00,109 days 21:00:00,393,25.954198473282442,4.590000000000004,-2.3960093467831154,-0.3850521602545953,1 days 03:00:00,0 days 07:00:00,0.28552818309853517,-0.381244522837159,-7.269367495982048,-0.5652869206268815,ADXLongStrategy_26p,BTCUSDT_f1h
2025-05-13 05:00:00+00:00,2025-08-31 16:00:00+00:00,110 days 11:00:00,6.4479638009049784,9222.067905279995,10235.78402972,660.8719547200001,-7.779320947200049,6.289831440472337,-23.379432799187107,5.63433482484054,-23.479426854975095,-4.149457482738218,-3.379844700101735,-2.3606887480657246,-8.192421329562228,0.0656774964912503,-9.903649016984339,-2.042158152237337,79 days 23:00:00,16 days 15:00:00,17,29.411764705882355,1.206507139831467,-1.6605200691501565,-0.47924420928666667,0 days 10:00:00,0 days 10:00:00,0.27719943066480607,-0.4755261948711404,-2.186526277415675,-0.7533388423125262,RSI7LongStrategy_9p,BTCUSDT_f1h
2025-05-13 05:00:00+00:00,2025-08-31 16:00:00+00:00,110 days 11:00:00,13.800904977375566,9475.9750228916,10340.795288799998,665.4644513083998,-5.240249771084,6.289831440472337,-16.221483044645414,9.32206157335764,-16.294166460573813,-1.7401175605840506,-1.8684372004601384,-1.7504562294226744,-6.235817138092367,0.15828204244112537,-9.267002951565084,-1.5941792885454455,79 days 23:00:00,12 days 11:00:00,17,41.17647058823529,2.9164828470401316,-2.3960091415389893,-0.3195247613448471,1 days 03:00:00,0 days 21:00:00,0.5870728356474915,-0.30850328607699457,-0.8444611541001358,-0.2960350820403018,RSI7LongStrategy_26p,BTCUSDT_f1h
2025-05-13 04:00:00+00:00,2025-08-31 16:00:00+00:00,110 days 12:00:00,84.09347908028647,3365.215884799997,10174.1875,8253.8702552,-66.34784115200003,33.572982396593495,-97.32669880442427,1.0560829399600717,-97.26066894676558,-92.15819621904316,-2.596655751170151,-1.451535752297934,-90.16851852090537,0.7095192523414994,-67.05084504487462,-33.885258987611344,109 days 22:00:00,55 days 01:00:00,375,36.0,4.590000000000004,-2.3985374636778705,-0.309567312360437,0 days 10:00:00,0 days 06:00:00,0.47064179303111175,-0.30377101559499553,-5.962636943373341,-0.4716826511280784,ADXLongStrategy_9p,BNBUSDT_f1h
2025-05-13 04:00:00+00:00,2025-08-31 16:00:00+00:00,110 days 12:00:00,92.80060309084057,3138.9028653999967,10174.1875,7714.4229746,-68.61097134600004,33.572982396593495,-97.88184772473512,0.8310085584471081,-97.8234278085351,-117.78681065288342,-2.5291070576807786,-1.41294152021292,-94.03394234406079,0.7572449387350317,-69.27522924656148,-34.99745108845478,109 days 22:00:00,55 days 01:00:00,375,36.266666666666666,4.590000000000004,-2.3985374636778705,-0.334136191496881,1 days 03:00:00,0 days 07:00:00,0.44541030325764547,-0.328187396251977,-6.554342354760812,-0.5598195490688512,ADXLongStrategy_26p,BNBUSDT_f1h
2025-05-13 04:00:00+00:00,2025-08-31 16:00:00+00:00,110 days 12:00:00,4.787033546928006,10174.834981199998,10416.09232,474.03441880000014,1.7483498119999785,33.572982396593495,5.864945228815599,7.21131375003618,5.892250405971189,0.8132977474161589,1.1451107254888298,1.1881809664853804,0.04854608284358908,0.050630108135071766,-4.936070677991089,-0.8971348303584185,32 days 02:00:00,8 days 05:00:00,12,66.66666666666666,1.4644656171330186,-2.3960000000000017,0.1526857752609967,0 days 10:00:00,0 days 10:00:00,1.4223228867906264,0.1589659064035195,0.43250633186256826,0.18506592914231484,RSI7LongStrategy_9p,BNBUSDT_f1h
2025-05-13 04:00:00+00:00,2025-08-31 16:00:00+00:00,110 days 12:00:00,10.817941952506596,10804.415653199998,10965.74084,481.31774680000007,8.04415653199998,33.572982396593495,28.97059600031986,14.148448928777006,29.119151890657456,2.047616395702259,4.532629838139133,5.22195000807449,4.91834435410635,0.09310498963031631,-5.547850124096132,-0.7599531282171608,32 days 02:00:00,4 days 02:00:00,12,66.66666666666666,2.998436935605685,-2.397273307208602,0.6675047012487001,1 days 03:00:00,0 days 23:00:00,2.511887328061559,0.6809251512480334,1.3573543351102542,0.3971167325073297,RSI7LongStrategy_26p,BNBUSDT_f1h
2025-05-13 05:00:00+00:00,2025-08-31 16:00:00+00:00,110 days 11:00:00,75.22624434389141,2599.3746781599675,10042.182146,8755.10143183999,-74.00625321840032,82.52842126747626,-98.80897684736625,0.7579658767717034,-98.83457351780525,-130.36071922948474,-1.889225978680743,-1.3331766909847402,-129.6873153929895,0.6746895350648443,-74.11543984794828,-74.11543984794828,109 days 16:00:00,109 days 16:00:00,409,37.89731051344744,4.591511432016562,-2.3965339666421137,-0.33949856991621896,0 days 10:00:00,0 days 05:00:00,0.5734098036906699,-0.3276876720988616,-4.0351632894607645,-0.2889140403237015,ADXLongStrategy_9p,ETHUSDT_f1h
2025-05-13 05:00:00+00:00,2025-08-31 16:00:00+00:00,110 days 11:00:00,80.65610859728507,2639.4183983599864,10042.182146,8503.63361164,-73.60581601640013,82.52842126747626,-98.7475732941366,0.849927908555319,-98.77418746336336,-116.18346956271228,-1.8037205216047139,-1.3395552678705143,-132.50571324904143,0.7136922811324062,-73.71668468081592,-73.71668468081592,109 days 16:00:00,109 days 16:00:00,409,37.89731051344744,4.591511432016562,-2.3965339666421137,-0.3358045712516522,0 days 23:00:00,0 days 05:00:00,0.5935021111623594,-0.32275744018781943,-3.9806758448876916,-0.28203844756943186,ADXLongStrategy_26p,ETHUSDT_f1h
2025-05-13 05:00:00+00:00,2025-08-31 16:00:00+00:00,110 days 11:00:00,4.260935143288084,9144.241610319996,10107.037320000003,490.69722968,-8.557583896800043,82.52842126747626,-25.485221924020664,8.411699992927273,-25.592636994210395,-3.0297350054625287,-2.4226959576888234,-2.407992750697361,-11.607048240141296,0.03695047471534536,-10.58359578393252,-6.068551866217104,74 days 21:00:00,53 days 06:00:00,13,23.076923076923077,2.066075395216873,-2.3962703022397323,-0.7017643386027062,0 days 10:00:00,0 days 08:00:00,0.315448919157474,-0.6914799130655207,-1.688981513615153,-0.5103373589980982,RSI7LongStrategy_9p,ETHUSDT_f1h
2025-05-13 05:00:00+00:00,2025-08-31 16:00:00+00:00,110 days 11:00:00,8.597285067873303,8883.395226159992,10308.357839999999,489.52369384,-11.166047738400083,82.52842126747626,-32.249441925246416,9.07408943293788,-32.37867039613621,-3.5540141149793745,-2.541033167818068,-2.0610335024270636,-16.40794223089059,0.06351623370452493,-15.647218682893616,-4.7547788260160235,74 days 11:00:00,26 days 15:00:00,13,30.76923076923077,2.098034049452762,-2.3962703022397323,-0.9277610284963989,1 days 03:00:00,0 days 17:00:00,0.2085856637375548,-0.916688418693483,-2.097487344367522,-1.1287687875721946,RSI7LongStrategy_26p,ETHUSDT_f1h
2025-05-13 05:00:00+00:00,2025-08-31 16:00:00+00:00,110 days 11:00:00,70.43740573152338,1911.1436087599864,10087.935166000001,6420.463171240002,-80.88856391240013,9.026729636301685,-99.56680319053966,0.3292186555287886,-99.5782102680079,-302.43366078576616,-1.6277677845089962,-1.228383343565478,-85.79903262899064,0.5439920009172197,-81.0551557151038,-40.88647202755189,109 days 10:00:00,54 days 19:00:00,371,36.118598382749326,4.6027095209217705,-2.4353197716491035,-0.4467213658126856,0 days 10:00:00,0 days 05:00:00,0.5779356929795545,-0.4290379160561933,-4.958196344094192,-0.3352079837180672,ADXLongStrategy_9p,HBARUSDT_f1h
2025-05-13 05:00:00+00:00,2025-08-31 16:00:00+00:00,110 days 11:00:00,74.92458521870287,1861.2787306199912,10087.935166000001,6430.145527380002,-81.38721269380008,9.026729636301685,-99.60287298971821,0.3148017318911894,-99.61349507463153,-316.39874530342723,-1.5709620036887826,-1.2213799530345846,-86.53659621355119,0.5704594828056524,-81.5494578425407,-41.13362309127035,109 days 10:00:00,54 days 19:00:00,371,36.118598382749326,4.603176712213935,-2.4353197716491035,-0.4543914232900792,1 days 03:00:00,0 days 05:00:00,0.5760120017760005,-0.43617619347524433,-4.918410601287838,-0.3332589048281404,ADXLongStrategy_26p,HBARUSDT_f1h
2025-05-13 05:00:00+00:00,2025-08-31 16:00:00+00:00,110 days 11:00:00,5.279034690799397,8944.516347439989,10149.846184000002,749.68993256,-10.554836525600113,9.026729636301685,-30.70450568477542,11.485695224052149,-30.829033378458547,-2.6732822946996917,-2.3089666118421825,-2.4287570505479015,-11.01007650763266,0.05043243792322801,-12.642065486891251,-12.642065486891251,99 days 12:00:00,99 days 12:00:00,20,40.0,4.581373888705972,-2.4076023567559126,-0.5575680887141776,0 days 10:00:00,0 days 07:00:00,0.5561146560735958,-0.5354862975589115,-1.1879127954012725,-0.34788252762589145,RSI7LongStrategy_9p,HBARUSDT_f1h
2025-05-13 05:00:00+00:00,2025-08-31 16:00:00+00:00,110 days 11:00:00,9.125188536953242,8805.692571539996,10149.846184000002,729.31065846,-11.943074284600042,9.026729636301685,-34.17868920830679,14.003398313274321,-34.313544022770714,-2.440742485765587,-2.1766554651413625,-2.177980962067099,-12.56254084678458,0.06862580216131714,-15.692831940949636,-15.692831940949636,99 days 12:00:00,99 days 12:00:00,20,25.0,4.590000000000004,-2.4076023567559126,-0.635647280498941,1 days 03:00:00,0 days 12:00:00,0.6246157911269191,-0.5989131220479992,-1.0626599542926984,-0.16986801172197324,RSI7LongStrategy_26p,HBARUSDT_f1h
2025-05-13 05:00:00+00:00,2025-08-31 16:00:00+00:00,110 days 11:00:00,28.544494720965307,7806.005751307612,10142.895587419998,2590.3720522323997,-21.939942486923883,6.289831440472337,-55.713118212419566,9.247124150549105,-55.889650046738346,-6.024912968115742,-3.149218289254294,-2.3188337381808197,-23.74295358124257,0.28665491458437053,-24.026353116686938,-6.825911513801319,104 days 17:00:00,27 days 08:00:00,76,43.42105263157895,3.522725475447637,-2.3960093467831154,-0.32990268960243485,0 days 10:00:00,0 days 09:00:00,0.4858246548527552,-0.322892166760259,-2.474666525611058,-0.49248551228755366,BullishPinBarStrategy_9p,BTCUSDT_f1h
2025-05-13 05:00:00+00:00,2025-08-31 16:00:00+00:00,110 days 11:00:00,45.399698340874814,8433.837832098397,10041.297696184003,2285.5590332816005,-15.661621679016024,6.289831440472337,-42.8850655208513,12.799252522348947,-43.04172479901005,-3.350591407269222,-2.4721913421248924,-2.6024057027787357,-18.432229507388982,0.4404899963686308,-16.479008432490172,-4.766755805433902,96 days 03:00:00,21 days 21:00:00,63,52.38095238095239,2.1107788284474087,-2.3960095773581087,-0.2748601455864197,1 days 03:00:00,0 days 19:00:00,0.5912535173482244,-0.26617329272104423,-1.6245738727810757,-0.37459060048264226,BullishPinBarStrategy_26p,BTCUSDT_f1h
2025-05-13 04:00:00+00:00,2025-08-31 16:00:00+00:00,110 days 12:00:00,26.045985676592537,8670.25027859999,10224.877299999998,2384.0204214000005,-13.297497214000103,33.572982396593495,-37.44959177895478,13.144757962680847,-37.582249507403496,-2.8490134154830047,-2.2671679189040415,-1.8617431310538208,-20.78091881560003,0.22290011394278864,-20.115337693098844,-4.654556923823137,101 days 19:00:00,21 days 20:00:00,70,38.57142857142858,4.590000000000004,-2.397460960489964,-0.21019191372235735,0 days 10:00:00,0 days 09:00:00,0.680338731039031,-0.20064879834486238,-1.3558150316882331,-0.20780430010823475,BullishPinBarStrategy_9p,BNBUSDT_f1h
2025-05-13 04:00:00+00:00,2025-08-31 16:00:00+00:00,110 days 12:00:00,42.480211081794195,9096.788797599995,10115.7628,2074.8524024000003,-9.032112024000053,33.572982396593495,-26.749219048713623,19.662061892622855,-26.85232106673584,-1.3604483189400318,-1.386640558545339,-1.3856980061705524,-21.974043001287278,0.38548648506724226,-19.303786921536002,-5.421478537780683,107 days 10:00:00,27 days 07:00:00,60,50.0,4.591380377795925,-2.3975549620019665,-0.14943244770686537,1 days 03:00:00,0 days 18:00:00,0.8287394026505771,-0.13183190032213282,-0.7162724270300418,-0.14129035135590107,BullishPinBarStrategy_26p,BNBUSDT_f1h
2025-05-13 05:00:00+00:00,2025-08-31 16:00:00+00:00,110 days 11:00:00,25.867269984917048,7058.030800680001,10000.0,2753.69685932,-29.419691993199987,82.52842126747626,-68.19994382363174,10.208938242304717,-68.3781053003689,-6.6804149662712895,-2.697142137192255,-2.2919317403024686,-47.59372220883748,0.22021541108529258,-29.756533593199997,-29.756533593199997,109 days 03:00:00,109 days 03:00:00,85,42.35294117647059,4.590000000000004,-2.396680645542936,-0.4162480987807249,0 days 10:00:00,0 days 08:00:00,0.5883100744569699,-0.40003949021234386,-2.131667070851803,-0.31910751355309935,BullishPinBarStrategy_9p,ETHUSDT_f1h
2025-05-13 05:00:00+00:00,2025-08-31 16:00:00+00:00,110 days 11:00:00,33.55957767722473,7400.464939099999,10000.0,2562.5109429000004,-25.995350609000006,82.52842126747626,-62.83912608791316,13.742641829806878,-63.01908079874971,-4.572565221893455,-2.3038150249979306,-2.2413095337574536,-51.35750679949214,0.307314205227468,-28.036790609000008,-28.036790609000008,109 days 03:00:00,109 days 03:00:00,77,36.36363636363637,4.590000000000004,-2.396680645542936,-0.42945863643938376,1 days 03:00:00,0 days 11:00:00,0.6549324815298462,-0.4043021567688447,-1.6724839196093935,-0.20818428029466785,BullishPinBarStrategy_26p,ETHUSDT_f1h
2025-05-13 05:00:00+00:00,2025-08-31 16:00:00+00:00,110 days 11:00:00,0.11312217194570137,9761.034724359999,10018.965981999998,39.49509564,-2.3896527564000096,9.026729636301685,-7.6452255355523135,4.022945576539861,-7.681238133928636,-1.9004049122951294,-1.7563271481819338,-2.9696770863004596,-2.4251922320811126,0.003937137491985831,-2.574429917252896,-2.574429917252896,40 days 23:00:00,40 days 23:00:00,1,0.0,-2.3960000000000017,-2.3960000000000017,-2.395999999999998,0 days 02:00:00,0 days 02:00:00,0.0,-2.3960000000000017,,,BullishPinBarStrategy_9p,HBARUSDT_f1h
2025-05-13 05:00:00+00:00,2025-08-31 16:00:00+00:00,110 days 11:00:00,0.11312217194570137,9761.034724359999,10018.965981999998,39.49509564,-2.3896527564000096,9.026729636301685,-7.6452255355523135,4.022945576539861,-7.681238133928636,-1.9004049122951294,-1.7563271481819338,-2.9696770863004596,-2.4251922320811126,0.003937137491985831,-2.574429917252896,-2.574429917252896,40 days 23:00:00,40 days 23:00:00,1,0.0,-2.3960000000000017,-2.3960000000000017,-2.395999999999998,0 days 02:00:00,0 days 02:00:00,0.0,-2.3960000000000017,,,BullishPinBarStrategy_26p,HBARUSDT_f1h
2025-05-13 05:00:00+00:00,2025-08-31 16:00:00+00:00,110 days 11:00:00,75.22624434389141,2599.3746781599675,10042.182146,8755.10143183999,-74.00625321840032,82.52842126747626,-98.80897684736625,0.7579658767717034,-98.83457351780525,-130.36071922948474,-1.889225978680743,-1.3331766909847402,-129.6873153929895,0.6746895350648443,-74.11543984794828,-74.11543984794828,109 days 16:00:00,109 days 16:00:00,409,37.89731051344744,4.591511432016562,-2.3965339666421137,-0.33949856991621896,0 days 10:00:00,0 days 05:00:00,0.5734098036906699,-0.3276876720988616,-4.0351632894607645,-0.2889140403237015,ADXLongStrategy_9p,ETHUSDT_f1h
2025-05-13 05:00:00+00:00,2025-08-31 16:00:00+00:00,110 days 11:00:00,80.65610859728507,2639.4183983599864,10042.182146,8503.63361164,-73.60581601640013,82.52842126747626,-98.7475732941366,0.849927908555319,-98.77418746336336,-116.18346956271228,-1.8037205216047139,-1.3395552678705143,-132.50571324904143,0.7136922811324062,-73.71668468081592,-73.71668468081592,109 days 16:00:00,109 days 16:00:00,409,37.89731051344744,4.591511432016562,-2.3965339666421137,-0.3358045712516522,0 days 23:00:00,0 days 05:00:00,0.5935021111623594,-0.32275744018781943,-3.9806758448876916,-0.28203844756943186,ADXLongStrategy_26p,ETHUSDT_f1h
2025-05-13 05:00:00+00:00,2025-08-31 16:00:00+00:00,110 days 11:00:00,4.260935143288084,9144.241610319996,10107.037320000003,490.69722968,-8.557583896800043,82.52842126747626,-25.485221924020664,8.411699992927273,-25.592636994210395,-3.0297350054625287,-2.4226959576888234,-2.407992750697361,-11.607048240141296,0.03695047471534536,-10.58359578393252,-6.068551866217104,74 days 21:00:00,53 days 06:00:00,13,23.076923076923077,2.066075395216873,-2.3962703022397323,-0.7017643386027062,0 days 10:00:00,0 days 08:00:00,0.315448919157474,-0.6914799130655207,-1.688981513615153,-0.5103373589980982,RSI7LongStrategy_9p,ETHUSDT_f1h
2025-05-13 05:00:00+00:00,2025-08-31 16:00:00+00:00,110 days 11:00:00,8.597285067873303,8883.395226159992,10308.357839999999,489.52369384,-11.166047738400083,82.52842126747626,-32.249441925246416,9.07408943293788,-32.37867039613621,-3.5540141149793745,-2.541033167818068,-2.0610335024270636,-16.40794223089059,0.06351623370452493,-15.647218682893616,-4.7547788260160235,74 days 11:00:00,26 days 15:00:00,13,30.76923076923077,2.098034049452762,-2.3962703022397323,-0.9277610284963989,1 days 03:00:00,0 days 17:00:00,0.2085856637375548,-0.916688418693483,-2.097487344367522,-1.1287687875721946,RSI7LongStrategy_26p,ETHUSDT_f1h
2025-05-13 05:00:00+00:00,2025-08-31 16:00:00+00:00,110 days 11:00:00,70.43740573152338,1911.1436087599864,10087.935166000001,6420.463171240002,-80.88856391240013,9.026729636301685,-99.56680319053966,0.3292186555287886,-99.5782102680079,-302.43366078576616,-1.6277677845089962,-1.228383343565478,-85.79903262899064,0.5439920009172197,-81.0551557151038,-40.88647202755189,109 days 10:00:00,54 days 19:00:00,371,36.118598382749326,4.6027095209217705,-2.4353197716491035,-0.4467213658126856,0 days 10:00:00,0 days 05:00:00,0.5779356929795545,-0.4290379160561933,-4.958196344094192,-0.3352079837180672,ADXLongStrategy_9p,HBARUSDT_f1h
2025-05-13 05:00:00+00:00,2025-08-31 16:00:00+00:00,110 days 11:00:00,74.92458521870287,1861.2787306199912,10087.935166000001,6430.145527380002,-81.38721269380008,9.026729636301685,-99.60287298971821,0.3148017318911894,-99.61349507463153,-316.39874530342723,-1.5709620036887826,-1.2213799530345846,-86.53659621355119,0.5704594828056524,-81.5494578425407,-41.13362309127035,109 days 10:00:00,54 days 19:00:00,371,36.118598382749326,4.603176712213935,-2.4353197716491035,-0.4543914232900792,1 days 03:00:00,0 days 05:00:00,0.5760120017760005,-0.43617619347524433,-4.918410601287838,-0.3332589048281404,ADXLongStrategy_26p,HBARUSDT_f1h
2025-05-13 05:00:00+00:00,2025-08-31 16:00:00+00:00,110 days 11:00:00,5.279034690799397,8944.516347439989,10149.846184000002,749.68993256,-10.554836525600113,9.026729636301685,-30.70450568477542,11.485695224052149,-30.829033378458547,-2.6732822946996917,-2.3089666118421825,-2.4287570505479015,-11.01007650763266,0.05043243792322801,-12.642065486891251,-12.642065486891251,99 days 12:00:00,99 days 12:00:00,20,40.0,4.581373888705972,-2.4076023567559126,-0.5575680887141776,0 days 10:00:00,0 days 07:00:00,0.5561146560735958,-0.5354862975589115,-1.1879127954012725,-0.34788252762589145,RSI7LongStrategy_9p,HBARUSDT_f1h
2025-05-13 05:00:00+00:00,2025-08-31 16:00:00+00:00,110 days 11:00:00,9.125188536953242,8805.692571539996,10149.846184000002,729.31065846,-11.943074284600042,9.026729636301685,-34.17868920830679,14.003398313274321,-34.313544022770714,-2.440742485765587,-2.1766554651413625,-2.177980962067099,-12.56254084678458,0.06862580216131714,-15.692831940949636,-15.692831940949636,99 days 12:00:00,99 days 12:00:00,20,25.0,4.590000000000004,-2.4076023567559126,-0.635647280498941,1 days 03:00:00,0 days 12:00:00,0.6246157911269191,-0.5989131220479992,-1.0626599542926984,-0.16986801172197324,RSI7LongStrategy_26p,HBARUSDT_f1h
2025-05-13 05:00:00+00:00,2025-08-31 16:00:00+00:00,110 days 11:00:00,20.550527903469078,10268.253999999995,11493.015000000005,2.6825399999999533,82.52842126747626,9.094823775500815,30.07464063613619,9.141402283720335,0.3024083940199414,0.4799935566705033,0.5173435987150774,17.683226374073158,-0.18176388380744232,-17.57985176213558,-3.021796258066601,86 days 15:00:00,9 days 21:00:00,97,52.57731958762887,5.000000000000004,-3.6487294469357057,0.05877378020415769,0 days 05:00:00,0 days 05:00:00,1.1324347222800009,0.06955966911558828,0.18324361466627326,0.026385011599800834,BullishPinBarStrategy_4p,ETHUSDT_f1h
2025-05-13 05:00:00+00:00,2025-08-31 16:00:00+00:00,110 days 11:00:00,32.880844645550525,9473.152899999997,10881.536500000002,-5.2684710000000265,82.52842126747626,-16.303500554040305,30.457994070267908,-16.37651446595134,-0.5352782102599214,-0.6520682462672809,-0.637425566695098,20.5425614473533,-0.31275325579898416,-25.57710485095559,-4.828877600996648,70 days 01:00:00,9 days 02:00:00,95,45.26315789473684,5.000000000000004,-5.786400913376877,-0.0575719254055751,0 days 10:00:00,0 days 10:00:00,0.9519146316420264,-0.03772982688065462,-0.31563660006311445,-0.045554036958649846,BullishPinBarStrategy_9p,ETHUSDT_f1h
2025-05-13 05:00:00+00:00,2025-08-31 16:00:00+00:00,110 days 11:00:00,57.23981900452488,8791.447600000016,11018.747000000003,-12.085523999999841,82.52842126747626,-34.52817575770061,27.886882664273788,-34.664020276987074,-1.2381511470242266,-1.1794306858838801,-1.0115887473523908,28.446742679641922,-0.4911310074413744,-34.132621431456656,-4.8471099985256885,104 days 10:00:00,9 days 22:00:00,79,49.36708860759494,5.000347106773695,-10.24227463887366,-0.15870970347783286,1 days 03:00:00,1 days 01:00:00,0.9378747788224003,-0.09106866537423874,-0.4579235406831225,-0.08768550763349986,BullishPinBarStrategy_26p,ETHUSDT_f1h
2025-05-13 05:00:00+00:00,2025-08-31 16:00:00+00:00,110 days 11:00:00,54.75113122171946,12571.893999999967,14001.492999999971,25.718939999999673,82.52842126747626,112.25512853875243,110.80506820335243,113.03994581078211,1.0130865885370768,4.055500273123882,5.605393497844152,-16.949110493596653,0.5170103806458181,-20.026270873209175,-2.843141411942211,59 days 01:00:00,4 days 08:00:00,242,51.652892561983464,11.027541951588127,-5.358232082712943,0.09681682776427891,0 days 05:00:00,0 days 05:00:00,1.224345603025417,0.10939513691482963,0.9674621980523276,0.08891674728044396,ADXLongStrategy_4p,ETHUSDT_f1h
2025-05-13 05:00:00+00:00,2025-08-31 16:00:00+00:00,110 days 11:00:00,70.09803921568627,14393.277999999982,15534.637,43.93277999999982,82.52842126747626,231.18810803670561,156.9743532319476,233.13869627460338,1.4727763056624843,8.939596666763157,13.02711956797369,-2.8659663986635593,0.5670621790642003,-17.746678905524615,-2.1856133664522757,36 days 18:00:00,2 days 10:00:00,169,56.80473372781065,6.412138609801121,-6.481294278322647,0.21769537015028373,0 days 10:00:00,0 days 10:00:00,1.3630650589006446,0.2382682277662708,1.4343063003202237,0.144278407680818,ADXLongStrategy_9p,ETHUSDT_f1h
2025-05-13 05:00:00+00:00,2025-08-31 16:00:00+00:00,110 days 11:00:00,84.46455505279035,15278.091999999993,17027.376999999997,52.78091999999993,82.52842126747626,302.9696465997609,263.51703844130355,305.7331333520513,1.1497155872417908,8.888138984842051,13.201607362414816,-17.527160645525022,0.8519256707656512,-22.949451402586043,-2.319213213913369,29 days 05:00:00,1 days 22:00:00,80,50.0,10.73892291486047,-7.6853611477811885,0.5362842503759513,1 days 03:00:00,1 days 03:00:00,1.5119613601584847,0.6073396360535559,1.292685417678302,0.1607360679597976,ADXLongStrategy_26p,ETHUSDT_f1h
2025-05-13 05:00:00+00:00,2025-08-31 16:00:00+00:00,110 days 11:00:00,2.6018099547511313,10161.91008,10449.18008,1.6191007999999965,82.52842126747626,5.423384329642289,6.265249280218979,5.450691597489543,0.865629456558947,1.5842349700160312,1.2897463253945143,-0.5404962958852599,0.026167919641719054,-4.205000799659853,-2.0929613248392513,68 days 17:00:00,26 days 15:00:00,13,69.23076923076923,2.015986019866256,-2.0000000000000018,0.127144350355346,0 days 05:00:00,0 days 05:00:00,1.3598538869468328,0.13258537375931198,0.41715660517136793,0.17493046553744362,RSI7LongStrategy_4p,ETHUSDT_f1h
2025-05-13 05:00:00+00:00,2025-08-31 16:00:00+00:00,110 days 11:00:00,4.260935143288084,9625.821519999998,10218.064,-3.741784800000023,82.52842126747626,-11.78575376540525,8.733246722457073,-11.83998410173669,-1.349527173565224,-1.3989051535275407,-1.4381414147691514,-6.743728820613704,0.03637466916862883,-8.19512854881318,-3.0912405027789274,71 days 15:00:00,26 days 15:00:00,13,38.46153846153847,2.471017430077027,-2.0002708439275874,-0.30234843636965936,0 days 10:00:00,0 days 08:00:00,0.60099620507683,-0.29206404114781637,-0.7152405136122252,-0.25990067361349806,RSI7LongStrategy_9p,ETHUSDT_f1h
2025-05-13 05:00:00+00:00,2025-08-31 16:00:00+00:00,110 days 11:00:00,8.597285067873303,9346.249959999996,10441.148,-6.537500400000044,82.52842126747626,-19.934157238631688,9.423855626763476,-20.021398993310534,-2.1152867815609633,-1.8901013206224841,-1.5880300768755076,-11.723990763135081,0.06284489977489714,-12.552757991745779,-3.6844866197975263,71 days 07:00:00,15 days 04:00:00,13,46.15384615384615,2.5030401297121863,-2.0002708439275874,-0.5287963905487358,1 days 03:00:00,0 days 17:00:00,0.4465245243960062,-0.5177238664263357,-1.2008938834757672,-0.5710726206328142,RSI7LongStrategy_26p,ETHUSDT_f1h
2025-05-13 05:00:00+00:00,2025-08-31 16:00:00+00:00,110 days 11:00:00,6.184012066365008,10807.450580000004,11243.330580000005,8.074505800000043,82.52842126747626,29.08976055669543,12.810332886608977,29.251498697834055,2.2708044212577665,6.531318957643868,5.953972782814272,4.28613869173924,0.04590378744775245,-4.885773183354313,-1.3117038915544776,33 days 23:00:00,6 days 16:00:00,28,53.57142857142857,5.000000000000004,-1.9997735742687817,0.284205531935533,0 days 05:00:00,0 days 05:00:00,1.9581435855070686,0.292804310315245,1.1234545141364305,0.25829729631813914,TriplePatternStrategy_4p,ETHUSDT_f1h
2025-05-13 05:00:00+00:00,2025-08-31 16:00:00+00:00,110 days 11:00:00,9.57767722473605,12090.542290000001,12796.126290000004,0,20.905422900000012,82.52842126747626,86.68331073786524,32.335679329744515,87.25565590657796,2.680732631404102,13.953162792087602,15.720461226969896,14.473541446337212,0.07793535069351373,-5.514043734871599,-1.6728743155382049,14 days 21:00:00,5 days 05:00:00,26,61.53846153846154,5.0003947368421064,-2.0003662688787505,0.7512588205009774,0 days 10:00:00,0 days 09:00:00,2.6521252419647467,0.7735591322182096,1.7442309428222635,0.37253490972584635,TriplePatternStrategy_9p,ETHUSDT_f1h
2025-05-13 05:00:00+00:00,2025-08-31 16:00:00+00:00,110 days 11:00:00,14.856711915535445,10629.02726,11250.513340000003,0,6.290272600000008,82.52842126747626,22.213261547387763,28.773787443117666,22.33354083156902,0.7719964426407445,1.8444483263890474,2.4056440165908004,-4.616920839315095,0.13216287518653327,-9.233810735998949,-3.633103106775047,33 days 15:00:00,9 days 22:00:00,26,38.46153846153847,5.0003947368421064,-2.0003662688787505,0.23800565719922506,1 days 03:00:00,0 days 15:00:00,1.2761537298278836,0.2738503179139967,0.45330553307664306,0.07513357543706467,TriplePatternStrategy_26p,ETHUSDT_f1h
2025-05-13 05:00:00+00:00,2025-08-31 16:00:00+00:00,110 days 11:00:00,20.550527903469078,10268.253999999995,11493.015000000005,0,2.6825399999999533,82.52842126747626,9.094823775500815,30.07464063613619,9.141402283720335,0.3024083940199414,0.4799935566705033,0.5173435987150774,17.683226374073158,-0.18176388380744232,-17.57985176213558,-3.021796258066601,86 days 15:00:00,9 days 21:00:00,97,52.57731958762887,5.000000000000004,-3.6487294469357057,0.05877378020415769,0 days 05:00:00,0 days 05:00:00,1.1324347222800009,0.06955966911558828,0.18324361466627326,0.026385011599800834,BullishPinBarStrategy_4p,ETHUSDT_f1h
2025-05-13 05:00:00+00:00,2025-08-31 16:00:00+00:00,110 days 11:00:00,32.880844645550525,9473.152899999997,10881.536500000002,0,-5.2684710000000265,82.52842126747626,-16.303500554040305,30.457994070267908,-16.37651446595134,-0.5352782102599214,-0.6520682462672809,-0.637425566695098,20.5425614473533,-0.31275325579898416,-25.57710485095559,-4.828877600996648,70 days 01:00:00,9 days 02:00:00,95,45.26315789473684,5.000000000000004,-5.786400913376877,-0.0575719254055751,0 days 10:00:00,0 days 10:00:00,0.9519146316420264,-0.03772982688065462,-0.31563660006311445,-0.045554036958649846,BullishPinBarStrategy_9p,ETHUSDT_f1h
2025-05-13 05:00:00+00:00,2025-08-31 16:00:00+00:00,110 days 11:00:00,57.23981900452488,8791.447600000016,11018.747000000003,0,-12.085523999999841,82.52842126747626,-34.52817575770061,27.886882664273788,-34.664020276987074,-1.2381511470242266,-1.1794306858838801,-1.0115887473523908,28.446742679641922,-0.4911310074413744,-34.132621431456656,-4.8471099985256885,104 days 10:00:00,9 days 22:00:00,79,49.36708860759494,5.000347106773695,-10.24227463887366,-0.15870970347783286,1 days 03:00:00,1 days 01:00:00,0.9378747788224003,-0.09106866537423874,-0.4579235406831225,-0.08768550763349986,BullishPinBarStrategy_26p,ETHUSDT_f1h
2025-05-13 05:00:00+00:00,2025-08-31 16:00:00+00:00,110 days 11:00:00,54.75113122171946,12571.893999999967,14001.492999999971,0,25.718939999999673,82.52842126747626,112.25512853875243,110.80506820335243,113.03994581078211,1.0130865885370768,4.055500273123882,5.605393497844152,-16.949110493596653,0.5170103806458181,-20.026270873209175,-2.843141411942211,59 days 01:00:00,4 days 08:00:00,242,51.652892561983464,11.027541951588127,-5.358232082712943,0.09681682776427891,0 days 05:00:00,0 days 05:00:00,1.224345603025417,0.10939513691482963,0.9674621980523276,0.08891674728044396,ADXLongStrategy_4p,ETHUSDT_f1h
2025-05-13 05:00:00+00:00,2025-08-31 16:00:00+00:00,110 days 11:00:00,70.09803921568627,14393.277999999982,15534.637,0,43.93277999999982,82.52842126747626,231.18810803670561,156.9743532319476,233.13869627460338,1.4727763056624843,8.939596666763157,13.02711956797369,-2.8659663986635593,0.5670621790642003,-17.746678905524615,-2.1856133664522757,36 days 18:00:00,2 days 10:00:00,169,56.80473372781065,6.412138609801121,-6.481294278322647,0.21769537015028373,0 days 10:00:00,0 days 10:00:00,1.3630650589006446,0.2382682277662708,1.4343063003202237,0.144278407680818,ADXLongStrategy_9p,ETHUSDT_f1h
2025-05-13 05:00:00+00:00,2025-08-31 16:00:00+00:00,110 days 11:00:00,84.46455505279035,15278.091999999993,17027.376999999997,0,52.78091999999993,82.52842126747626,302.9696465997609,263.51703844130355,305.7331333520513,1.1497155872417908,8.888138984842051,13.201607362414816,-17.527160645525022,0.8519256707656512,-22.949451402586043,-2.319213213913369,29 days 05:00:00,1 days 22:00:00,80,50.0,10.73892291486047,-7.6853611477811885,0.5362842503759513,1 days 03:00:00,1 days 03:00:00,1.5119613601584847,0.6073396360535559,1.292685417678302,0.1607360679597976,ADXLongStrategy_26p,ETHUSDT_f1h
2025-05-13 05:00:00+00:00,2025-08-31 16:00:00+00:00,110 days 11:00:00,2.6018099547511313,10161.91008,10449.18008,0,1.6191007999999965,82.52842126747626,5.423384329642289,6.265249280218979,5.450691597489543,0.865629456558947,1.5842349700160312,1.2897463253945143,-0.5404962958852599,0.026167919641719054,-4.205000799659853,-2.0929613248392513,68 days 17:00:00,26 days 15:00:00,13,69.23076923076923,2.015986019866256,-2.0000000000000018,0.127144350355346,0 days 05:00:00,0 days 05:00:00,1.3598538869468328,0.13258537375931198,0.41715660517136793,0.17493046553744362,RSI7LongStrategy_4p,ETHUSDT_f1h
2025-05-13 05:00:00+00:00,2025-08-31 16:00:00+00:00,110 days 11:00:00,4.260935143288084,9625.821519999998,10218.064,0,-3.741784800000023,82.52842126747626,-11.78575376540525,8.733246722457073,-11.83998410173669,-1.349527173565224,-1.3989051535275407,-1.4381414147691514,-6.743728820613704,0.03637466916862883,-8.19512854881318,-3.0912405027789274,71 days 15:00:00,26 days 15:00:00,13,38.46153846153847,2.471017430077027,-2.0002708439275874,-0.30234843636965936,0 days 10:00:00,0 days 08:00:00,0.60099620507683,-0.29206404114781637,-0.7152405136122252,-0.25990067361349806,RSI7LongStrategy_9p,ETHUSDT_f1h
2025-05-13 05:00:00+00:00,2025-08-31 16:00:00+00:00,110 days 11:00:00,8.597285067873303,9346.249959999996,10441.148,0,-6.537500400000044,82.52842126747626,-19.934157238631688,9.423855626763476,-20.021398993310534,-2.1152867815609633,-1.8901013206224841,-1.5880300768755076,-11.723990763135081,0.06284489977489714,-12.552757991745779,-3.6844866197975263,71 days 07:00:00,15 days 04:00:00,13,46.15384615384615,2.5030401297121863,-2.0002708439275874,-0.5287963905487358,1 days 03:00:00,0 days 17:00:00,0.4465245243960062,-0.5177238664263357,-1.2008938834757672,-0.5710726206328142,RSI7LongStrategy_26p,ETHUSDT_f1h
2025-05-13 05:00:00+00:00,2025-08-31 16:00:00+00:00,110 days 11:00:00,6.184012066365008,10807.450580000004,11243.330580000005,0,8.074505800000043,82.52842126747626,29.08976055669543,12.810332886608977,29.251498697834055,2.2708044212577665,6.531318957643868,5.953972782814272,4.28613869173924,0.04590378744775245,-4.885773183354313,-1.3117038915544776,33 days 23:00:00,6 days 16:00:00,28,53.57142857142857,5.000000000000004,-1.9997735742687817,0.284205531935533,0 days 05:00:00,0 days 05:00:00,1.9581435855070686,0.292804310315245,1.1234545141364305,0.25829729631813914,TriplePatternStrategy_4p,ETHUSDT_f1h
2025-05-13 05:00:00+00:00,2025-08-31 16:00:00+00:00,110 days 11:00:00,9.57767722473605,12090.542290000001,12796.126290000004,0,20.905422900000012,82.52842126747626,86.68331073786524,32.335679329744515,87.25565590657796,2.680732631404102,13.953162792087602,15.720461226969896,14.473541446337212,0.07793535069351373,-5.514043734871599,-1.6728743155382049,14 days 21:00:00,5 days 05:00:00,26,61.53846153846154,5.0003947368421064,-2.0003662688787505,0.7512588205009774,0 days 10:00:00,0 days 09:00:00,2.6521252419647467,0.7735591322182096,1.7442309428222635,0.37253490972584635,TriplePatternStrategy_9p,ETHUSDT_f1h
2025-05-13 05:00:00+00:00,2025-08-31 16:00:00+00:00,110 days 11:00:00,14.856711915535445,10629.02726,11250.513340000003,0,6.290272600000008,82.52842126747626,22.213261547387763,28.773787443117666,22.33354083156902,0.7719964426407445,1.8444483263890474,2.4056440165908004,-4.616920839315095,0.13216287518653327,-9.233810735998949,-3.633103106775047,33 days 15:00:00,9 days 22:00:00,26,38.46153846153847,5.0003947368421064,-2.0003662688787505,0.23800565719922506,1 days 03:00:00,0 days 15:00:00,1.2761537298278836,0.2738503179139967,0.45330553307664306,0.07513357543706467,TriplePatternStrategy_26p,ETHUSDT_f1h
2025-05-13 05:00:00+00:00,2025-08-31 16:00:00+00:00,110 days 11:00:00,0.4524886877828055,10347.910000000002,10390.270000000002,0,3.4791000000000167,82.52842126747626,11.90249543760431,5.573494800909433,11.964223474235713,2.1355533400088875,inf,13.791696361154946,3.0898969721297824,0.004715987800236958,-0.8630189590838389,-0.8630189590838389,28 days 20:00:00,28 days 20:00:00,2,100.0,2.714897522178039,0.783577677938041,1.7446551574473501,0 days 05:00:00,0 days 05:00:00,,1.74923760005804,1.8422557585385249,,ButterflyStrategy_4p,ETHUSDT_f1h
2025-05-13 05:00:00+00:00,2025-08-31 16:00:00+00:00,110 days 11:00:00,0.7541478129713424,10685.090900000001,10685.090900000001,0,6.85090900000001,82.52842126747626,24.345790476259445,11.700877632010744,24.478727600306915,2.080680718312557,inf,27.90434450908407,6.231503703240243,0.007505357393815426,-0.8724731185974943,-0.5143441894219964,0 days 06:00:00,0 days 04:00:00,2,100.0,5.000446109921497,1.8189879404114428,3.3974813823040684,0 days 10:00:00,0 days 09:00:00,,3.40971702516647,2.2569821267438566,,ButterflyStrategy_9p,ETHUSDT_f1h
2025-05-13 05:00:00+00:00,2025-08-31 16:00:00+00:00,110 days 11:00:00,1.3951734539969836,10866.967900000001,10866.967900000001,0,8.669679000000015,82.52842126747626,31.44218711271116,14.110919219596715,31.618528068133568,2.228216788956274,inf,36.03800099108459,7.9698496165093475,0.008479859092693727,-0.8724731185974943,-0.35870434612989793,0 days 06:00:00,0 days 03:00:00,2,100.0,5.000446109921497,3.553144951525189,4.274284538401463,1 days 03:00:00,0 days 18:00:00,,4.2767955307233425,7.125808463998498,,ButterflyStrategy_26p,ETHUSDT_f1h
2025-05-13 05:00:00+00:00,2025-08-31 16:00:00+00:00,110 days 11:00:00,0.11312217194570137,10498.67545,10498.67545,0,4.986754500000006,9.026729636301685,17.353585473841626,10.677444166909257,17.44571061430267,1.6252564942107186,inf,44.59585607340074,5.06988984451203,-0.009209907448395147,-0.389129999999982,-0.389129999999982,0 days 02:00:00,0 days 02:00:00,1,100.0,5.000000000000004,5.000000000000004,5.000000000000004,0 days 02:00:00,0 days 02:00:00,,5.000000000000004,,,BullishPinBarStrategy_4p,HBARUSDT_f1h
2025-05-13 05:00:00+00:00,2025-08-31 16:00:00+00:00,110 days 11:00:00,0.11312217194570137,10498.67545,10498.67545,0,4.986754500000006,9.026729636301685,17.353585473841626,10.677444166909257,17.44571061430267,1.6252564942107186,inf,44.59585607340074,5.06988984451203,-0.009209907448395147,-0.389129999999982,-0.389129999999982,0 days 02:00:00,0 days 02:00:00,1,100.0,5.000000000000004,5.000000000000004,5.000000000000004,0 days 02:00:00,0 days 02:00:00,,5.000000000000004,,,BullishPinBarStrategy_9p,HBARUSDT_f1h
2025-05-13 05:00:00+00:00,2025-08-31 16:00:00+00:00,110 days 11:00:00,0.11312217194570137,10498.67545,10498.67545,0,4.986754500000006,9.026729636301685,17.353585473841626,10.677444166909257,17.44571061430267,1.6252564942107186,inf,44.59585607340074,5.06988984451203,-0.009209907448395147,-0.389129999999982,-0.389129999999982,0 days 02:00:00,0 days 02:00:00,1,100.0,5.000000000000004,5.000000000000004,5.000000000000004,0 days 02:00:00,0 days 02:00:00,,5.000000000000004,,,BullishPinBarStrategy_26p,HBARUSDT_f1h
2025-05-13 05:00:00+00:00,2025-08-31 16:00:00+00:00,110 days 11:00:00,55.203619909502265,13572.33899999998,15788.272999999988,0,35.723389999999796,9.026729636301685,173.02781392117404,202.941613682073,174.37590335501554,0.8525989854019702,4.6325054421345415,5.113269080455245,31.144026078612168,0.5073115187776718,-33.838980737890104,-4.026148762999242,52 days 04:00:00,3 days 12:00:00,244,47.540983606557376,14.91493083161075,-6.203215118419447,0.12455782583786768,0 days 05:00:00,0 days 05:00:00,1.204925527915175,0.15043288443345804,0.8692069574354412,0.07112725195501463,ADXLongStrategy_4p,HBARUSDT_f1h
2025-05-13 05:00:00+00:00,2025-08-31 16:00:00+00:00,110 days 11:00:00,68.43891402714932,12940.596999999983,14983.692999999992,0,29.405969999999833,9.026729636301685,133.41999454349195,196.40486182903493,134.39229621641408,0.6793110582956465,3.2295156721882345,3.871709640677523,23.981123739271837,0.6009758217318886,-34.46022737390616,-4.659865241800498,64 days 02:00:00,6 days 10:00:00,165,53.333333333333336,12.973856209150325,-8.110306077184681,0.15522515689694316,0 days 10:00:00,0 days 10:00:00,1.189453128888223,0.20287287925368347,0.6556595674714534,0.06462281583406404,ADXLongStrategy_9p,HBARUSDT_f1h
2025-05-13 05:00:00+00:00,2025-08-31 16:00:00+00:00,110 days 11:00:00,82.31523378582202,14983.942599999988,19315.787599999992,0,49.839425999999875,9.026729636301685,278.01518854054075,421.109840130035,280.48824638911697,0.660196371698871,5.7905265854192995,8.290079558852739,42.518742808861276,0.8110006044379477,-33.53588907885163,-4.7499235413973215,48 days 20:00:00,4 days,79,46.835443037974684,20.004901960784327,-10.895450478353641,0.5239303672280871,1 days 03:00:00,1 days 03:00:00,1.3976439414607407,0.6803628394381536,0.8393018330189559,0.10983750759150585,ADXLongStrategy_26p,HBARUSDT_f1h
2025-05-13 05:00:00+00:00,2025-08-31 16:00:00+00:00,110 days 11:00:00,3.506787330316742,9838.022219999999,10176.041599999999,0,-1.6197778000000107,9.026729636301685,-5.228272091808783,14.158645331604003,-5.2532250389205615,-0.36926358202776477,-0.5050990797359178,-0.7840884503511745,-1.9752474725589253,0.039379674243190575,-6.667962127827753,-4.586726857957207,75 days 03:00:00,49 days 18:00:00,20,50.0,4.991356601909791,-2.0116256079718564,-0.08152617663587103,0 days 05:00:00,0 days 04:00:00,0.9202729539344826,-0.06432729380058788,-0.19400674764711598,-0.05608814359758907,RSI7LongStrategy_4p,HBARUSDT_f1h
2025-05-13 05:00:00+00:00,2025-08-31 16:00:00+00:00,110 days 11:00:00,5.279034690799397,9688.9334,10170.1,0,-3.110666000000001,9.026729636301685,-9.869571660184173,13.717031823546408,-9.915487404176082,-0.7195121938291522,-0.9443668548126094,-1.2920207762962952,-3.5580633738855414,0.04956361737990884,-7.6388645146065475,-7.6388645146065475,99 days 12:00:00,99 days 12:00:00,20,45.0,4.991356601909791,-2.0116256079718564,-0.15783997602055733,0 days 10:00:00,0 days 07:00:00,0.8609652115834566,-0.13575781318528213,-0.3338080260181351,-0.08721175039964418,RSI7LongStrategy_9p,HBARUSDT_f1h
2025-05-13 05:00:00+00:00,2025-08-31 16:00:00+00:00,110 days 11:00:00,9.125188536953242,9538.582589999995,10170.1,0,-4.614174100000055,9.026729636301685,-14.387542065453896,17.405277617976296,-14.452732930882917,-0.8266195105439939,-1.1019470291995124,-1.1406614873862317,-5.225494990531482,0.0677234076085489,-12.613332022300694,-12.613332022300694,99 days 12:00:00,99 days 12:00:00,20,25.0,5.000000000000004,-2.0116256079718564,-0.23604705705049245,1 days 03:00:00,0 days 12:00:00,0.8464545061976456,-0.1993117455390775,-0.39386568089280105,-0.05684804047368691,RSI7LongStrategy_26p,HBARUSDT_f1h
2025-05-13 05:00:00+00:00,2025-08-31 16:00:00+00:00,110 days 11:00:00,3.431372549019608,10766.257360000007,10845.376360000006,0,7.662573600000069,9.026729636301685,27.47885830291519,12.355993297439731,27.630718468401618,2.2239295248411186,5.833293996762847,6.302885880292429,7.502069320201462,0.017781000015013926,-4.359726453057766,-0.8970082258284032,56 days,9 days 01:00:00,16,62.5,3.156535077096967,-2.000000000000013,0.46344569931484614,0 days 05:00:00,0 days 05:00:00,2.4857982486152395,0.47143919481330354,1.415908426374001,0.370401964810678,TriplePatternStrategy_4p,HBARUSDT_f1h
2025-05-13 05:00:00+00:00,2025-08-31 16:00:00+00:00,110 days 11:00:00,6.070889894419306,10837.04126,10957.657260000002,0,8.370412599999998,9.026729636301685,30.255639156845792,18.609429572046462,30.42458835116073,1.625823029110645,4.399270373077079,5.367896955257792,8.100260469708944,0.029928018360560582,-5.636404612277579,-1.46006230705369,53 days 18:00:00,9 days 05:00:00,16,81.25,4.0238331678252415,-2.000000000000013,0.5042397581528579,0 days 10:00:00,0 days 10:00:00,2.504483842505808,0.5157307678436828,1.3018239363306763,0.48428815331395036,TriplePatternStrategy_9p,HBARUSDT_f1h
2025-05-13 05:00:00+00:00,2025-08-31 16:00:00+00:00,110 days 11:00:00,9.879336349924586,10584.17945,10904.543450000001,0,5.841794499999996,9.026729636301685,20.52578365317792,19.962993641404417,20.636176679567676,1.0281916641302857,1.987328703565578,2.718795999567507,5.406263572023145,0.0482490276683739,-7.549585793286095,-2.3246286532588147,30 days 18:00:00,9 days 05:00:00,13,61.53846153846154,4.991658391261211,-2.000000000000013,0.43836807958956836,1 days 03:00:00,0 days 20:00:00,1.7062270055056785,0.46026920649021075,0.7297550919467691,0.24602327066874363,TriplePatternStrategy_26p,HBARUSDT_f1h
2025-05-13 05:00:00+00:00,2025-08-31 16:00:00+00:00,110 days 11:00:00,0.4524886877828055,10345.033000000001,10376.704000000002,0,3.4503300000000126,9.026729636301685,11.80022297338783,7.031504615617647,11.86139302325573,1.678193163263863,inf,25.406664784488196,3.4362479967524546,0.0015600337901919773,-0.46445383813590313,-0.31175530312692046,1 days 01:00:00,0 days 14:00:00,2,100.0,2.2983870967741904,1.1275324558645217,1.7112749959984797,0 days 05:00:00,0 days 05:00:00,,1.712959776319356,3.010365135453481,,ButterflyStrategy_4p,HBARUSDT_f1h
2025-05-13 05:00:00+00:00,2025-08-31 16:00:00+00:00,110 days 11:00:00,0.8295625942684767,10279.958,10299.523,0,2.7995800000000055,9.026729636301685,9.504252230021692,5.577432731150572,9.55301794492649,1.704055017452636,inf,5.319219820374304,2.7752933306810608,0.002690528053623526,-1.7867756082607045,-0.6512065442928039,0 days 18:00:00,0 days 09:00:00,2,100.0,1.4105386101253226,1.3709677419354804,1.390751245561428,0 days 10:00:00,0 days 10:00:00,,1.3907531760304015,48.41888619853693,,ButterflyStrategy_9p,HBARUSDT_f1h
2025-05-13 05:00:00+00:00,2025-08-31 16:00:00+00:00,110 days 11:00:00,1.0558069381598794,10166.655999999999,10229.824,0,1.6665599999999905,9.026729636301685,5.585372744258743,2.3999993179304995,5.613517150392244,2.3272393048323723,inf,2.229699212824817,1.632066585018828,0.0038212526984794794,-2.504989333149832,-1.3320230506338848,1 days 10:00:00,0 days 18:00:00,1,100.0,1.6666666666666607,1.6666666666666607,1.6666666666666607,1 days 03:00:00,1 days 03:00:00,,1.6666666666666607,,,ButterflyStrategy_26p,HBARUSDT_f1h

